"","SiteSubsitePlot","CoverChange","Duration"
"1","ABISKO:ABISKODRY_PADDUS:CTL_1",-0.584795321637427,6
"2","ABISKO:ABISKODRY_PADDUS:CTL_2",4.7973039944494,6
"3","ABISKO:ABISKODRY_PADDUS:CTL_3",2.05495343210368,6
"4","ABISKO:ABISKODRY_PADDUS:CTL_4",-1.90588235294118,6
"5","ABISKO:ABISKODRY_PADDUS:CTL_5",-1.45502645502646,6
"6","ABISKO:ABISKODRY_PADDUS:CTL_6",0.701992753623189,6
"7","ABISKO:ABISKOWET_FLUX:1_CTL",0.0920174833218302,6
"8","ABISKO:ABISKOWET_FLUX:2_CTL",2.42620669449938,6
"9","ABISKO:ABISKOWET_FLUX:3_CTL",-0.393404488232074,6
"10","ABISKO:ABISKOWET_FLUX:4_CTL",-1.28292606649893,6
"11","ABISKO:ABISKOWET_FLUX:5_CTL",-0.466632934165401,6
"12","ABISKO:ABISKOWET_FLUX:6_CTL",-0.57268497213274,6
"13","ABISKO:ABISKOWET_MULTE:Abisko_wetheathControl1",-1.01733447001989,9
"14","ABISKO:ABISKOWET_MULTE:Abisko_wetheathControl2",1.31509672794076,9
"15","ABISKO:ABISKOWET_MULTE:Abisko_wetheathControl3",-0.123456790123457,9
"16","ABISKO:ABISKOWET_MULTE:Abisko_wetheathControl4",-0.98091814653862,9
"17","ABISKO:ABISKOWET_MULTE:Abisko_wetheathControl5",-0.964232286141711,9
"18","ABISKO:ABISKOWET_MULTE:Abisko_wetheathControl6",-1.74386662877711,9
"19","ABISKO:PEATLAND:AA1",1.20493843644202,13
"20","ABISKO:PEATLAND:AA2",0.126030197629243,13
"21","ABISKO:PEATLAND:AA3",1.25244773885318,13
"22","ABISKO:PEATLAND:AA4",1.89017511817791,13
"23","ABISKO:PEATLAND:AA5",1.12642655995257,13
"24","ABISKO:lower_forest:ALFc1",-4.19690576652602,10
"25","ABISKO:lower_forest:ALFc2",-2.55645161290323,10
"26","ABISKO:lower_forest:ALFc3",-0.315789473684211,10
"27","ABISKO:lower_forest:ALFc4",-4.07003710575139,10
"28","ABISKO:lower_forest:ALFc5",-4.57953063885267,10
"29","ABISKO:lower_tundra:ALTc1",2.3036722179639,10
"30","ABISKO:lower_tundra:ALTc2",2.74509803921569,10
"31","ABISKO:lower_tundra:ALTc3",0.950549450549451,10
"32","ABISKO:lower_tundra:ALTc4",2.73301393728223,10
"33","ABISKO:lower_tundra:ALTc5",1.65833333333333,10
"34","ABISKO:upper_forest:AUFc1",5.44521837349398,10
"35","ABISKO:upper_forest:AUFc3",-3.44845117478302,10
"36","ABISKO:upper_forest:AUFc5",4.03201449713078,10
"37","ABISKO:upper_tundra:AUTc1",0.338759530187513,10
"38","ABISKO:upper_tundra:AUTc2",1.62269712601326,10
"39","ABISKO:upper_tundra:AUTc3",1.87280701754386,10
"40","ABISKO:upper_tundra:AUTc4",0.539499036608863,10
"41","ABISKO:upper_tundra:AUTc5",-1.04276315789474,10
"42","ALEXFIORD:CASSIOPE:Cas.c.c.11new",0.0755360623781677,24
"43","ALEXFIORD:CASSIOPE:Cas.c.c.12",0.093984962406015,19
"44","ALEXFIORD:CASSIOPE:Cas.c.c.12new",-0.0850340136054422,24
"45","ALEXFIORD:CASSIOPE:Cas.c.c.13",-0.138504155124654,19
"46","ALEXFIORD:CASSIOPE:Cas.c.c.13new",0.16025641025641,24
"47","ALEXFIORD:CASSIOPE:Cas.c.c.16",-0.277008310249307,19
"48","ALEXFIORD:CASSIOPE:Cas.c.c.16new",-0.104166666666667,24
"49","ALEXFIORD:CASSIOPE:Cas.c.c.17new",-0.203252032520325,24
"50","ALEXFIORD:CASSIOPE:Cas.c.c.18new",-0.115740740740741,24
"51","ALEXFIORD:CASSIOPE:Cas.c.c.1new",0.0850340136054422,24
"52","ALEXFIORD:CASSIOPE:Cas.c.c.5new",0.173611111111111,24
"53","ALEXFIORD:CASSIOPE:Cas.c.c.6new",-0.254901960784314,24
"54","ALEXFIORD:CASSIOPE:Cas.c.c.7new",0.0331564986737401,24
"55","ALEXFIORD:CASSIOPE:Cas.c.c.9",-0.284495021337127,19
"56","ALEXFIORD:CASSIOPE:Cas.c.c.9new",0.158730158730159,24
"57","ALEXFIORD:DRYAS:Dry.c.1",-0.56547619047619,24
"58","ALEXFIORD:DRYAS:Dry.c.2",-0.0600038402457757,24
"59","ALEXFIORD:DRYAS:Dry.c.6",-0.0946969696969697,24
"60","ALEXFIORD:FERT:Fert.c.c.29",-0.0631313131313131,24
"61","ALEXFIORD:FERT:Fert.c.c.5",-0.0771604938271605,24
"62","ALEXFIORD:MEADOW:Mead.c.1",0.490990990990991,24
"63","ALEXFIORD:MEADOW:Mead.c.10",0.0975875238104176,19
"64","ALEXFIORD:MEADOW:Mead.c.2",0.734224404437171,24
"65","ALEXFIORD:MEADOW:Mead.c.3",0.291018426569569,24
"66","ALEXFIORD:MEADOW:Mead.c.4",-0.341233633767294,19
"67","ALEXFIORD:MEADOW:Mead.c.5",0.408348457350273,19
"68","ALEXFIORD:MEADOW:Mead.c.6",0.774054020413244,24
"69","ALEXFIORD:MEADOW:Mead.c.7",0.6884461781369,24
"70","ALEXFIORD:MEADOW:Mead.c.8",1.53693377129326,19
"71","ALEXFIORD:MEADOW:Mead.c.9",0.377743639386351,19
"72","ALEXFIORD:WILLOW:Will.c.3",-0.198412698412698,24
"73","ALEXFIORD:WILLOW:Will.c.7",-0.0553447185325743,24
"74","ALEXFIORD:WILLOW:Will.c.8",-0.166666666666667,24
"75","ALEXFIORD:WILLOW:Will.c.9",-0.297619047619048,24
"76","ANWR:ATIGUN-A:1",-0.833333333333333,10
"77","ANWR:ATIGUN-A:10",0.502873563218391,10
"78","ANWR:ATIGUN-A:2",-0.460526315789474,10
"79","ANWR:ATIGUN-A:4",1.82352941176471,10
"80","ANWR:ATIGUN-A:6",0.271493212669683,10
"81","ANWR:ATIGUN-A:7",0.42962962962963,10
"82","ANWR:ATIGUN-A:8",0.152482269503545,10
"83","ANWR:ATIGUN-A:9",-1.3963963963964,10
"84","ANWR:ATIGUN-B:1",0.434782608695652,10
"85","ANWR:ATIGUN-B:10",1.60427807486631,5
"86","ANWR:ATIGUN-B:2",1.66935483870968,10
"87","ANWR:ATIGUN-B:3",-0.238095238095238,10
"88","ANWR:ATIGUN-B:4",-0.37037037037037,10
"89","ANWR:ATIGUN-B:5",-0.417888563049853,10
"90","ANWR:ATIGUN-B:6",0,10
"91","ANWR:ATIGUN-B:7",0.30827067669173,10
"92","ANWR:ATIGUN-B:8",-0.625,10
"93","ANWR:ATIGUN-B:9",-2,5
"94","ANWR:ATIGUN-C:1",0.862643465383191,10
"95","ANWR:ATIGUN-C:10",-0.450450450450451,10
"96","ANWR:ATIGUN-C:2",-2.20304975922953,10
"97","ANWR:ATIGUN-C:3",0.869767441860465,10
"98","ANWR:ATIGUN-C:4",-1.82142857142857,10
"99","ANWR:ATIGUN-C:5",-1.44586648218609,10
"100","ANWR:ATIGUN-C:6",-1.08225108225108,10
"101","ANWR:ATIGUN-C:7",-0.220588235294117,10
"102","ANWR:ATIGUN-C:8",-1.19612068965517,10
"103","ANWR:ATIGUN-C:9",-1.00563909774436,10
"104","ANWR:C2:C2",-0.0803068917914412,24
"105","ANWR:H1:H1",-0.537008281573499,24
"106","ANWR:H3:H3",-0.645267394164538,24
"107","ANWR:H4:H4",-0.462962962962963,24
"108","ANWR:H5:H5",-0.845864661654135,24
"109","ANWR:JAGO-A:1",0.563451047947172,9
"110","ANWR:JAGO-A:10",-0.19774011299435,9
"111","ANWR:JAGO-A:2",0.292253456810419,9
"112","ANWR:JAGO-A:3",-0.107624090576437,9
"113","ANWR:JAGO-A:4",0.25429706351858,9
"114","ANWR:JAGO-A:5",0.747735543336786,9
"115","ANWR:JAGO-A:6",0.709876543209876,9
"116","ANWR:JAGO-A:7",-0.168849353430525,9
"117","ANWR:JAGO-A:8",1.08327281529896,9
"118","ANWR:JAGO-A:9",0.347994399143398,9
"119","ANWR:JAGO-B:1",-0.0732600732600746,9
"120","ANWR:JAGO-B:10",-0.109649122807017,9
"121","ANWR:JAGO-B:2",-1.08966108966109,9
"122","ANWR:JAGO-B:3",-0.932311621966794,9
"123","ANWR:JAGO-B:4",1.72222222222222,9
"124","ANWR:JAGO-B:5",0.525800929322573,9
"125","ANWR:JAGO-B:6",-0.927314120717418,9
"126","ANWR:JAGO-B:7",2.72904483430799,9
"127","ANWR:JAGO-B:8",-2.69828652181593,9
"128","ANWR:JAGO-B:9",-0.279448393171738,9
"129","ANWR:K1:K1",-1.36507936507937,5
"130","ANWR:K2:K2",0.251177394034535,5
"131","ANWR:K3:K3",0.353013219984871,23
"132","ANWR:M10:M10",0.20946763460375,24
"133","ANWR:M11:M11",-0.168252290345314,24
"134","ANWR:M4:M4",-0.344488188976378,24
"135","ANWR:M7S:M7S",0.080749354005168,24
"136","ANWR:N11:N11",0.33048433048433,25
"137","ANWR:O11:O11",0.0645161290322579,25
"138","ANWR:O12:O12",0.158764111705288,25
"139","ANWR:O13:O13",0.368589743589743,24
"140","ANWR:O15:O15",-0.0855061966843712,24
"141","ANWR:O18:O18",1.00308641975309,24
"142","ANWR:O19:O19",0.246983408748115,24
"143","ANWR:O3:O3",-0.0347826086956525,25
"144","ANWR:O6:O6",-0.262626262626263,25
"145","ANWR:O7:O7",0.161290322580645,24
"146","ANWR:S1:S1",0.0360702420503083,25
"147","ANWR:S4:S4",-0.0916030534351148,25
"148","ANWR:S6:S6",-0.115208156329652,25
"149","ANWR:S8:S8",0.123685837971552,25
"150","ATQASUK:AD:ADC01",0.0628930817610055,10
"151","ATQASUK:AD:ADC02",0.78926388519798,10
"152","ATQASUK:AD:ADC03",0.300896286811781,10
"153","ATQASUK:AD:ADC04",-1.91756272401434,10
"154","ATQASUK:AD:ADC05",-0.891228070175438,10
"155","ATQASUK:AD:ADC06",1.60683760683761,10
"156","ATQASUK:AD:ADC07",-0.326354679802955,10
"157","ATQASUK:AD:ADC08",1.14535182331792,10
"158","ATQASUK:AD:ADC09",-1.31944444444444,10
"159","ATQASUK:AD:ADC10",1.2280701754386,10
"160","ATQASUK:AD:ADC11",0.614035087719298,10
"161","ATQASUK:AD:ADC12",-1.98412698412698,10
"162","ATQASUK:AD:ADC13",0.212550607287449,10
"163","ATQASUK:AD:ADC14",1.45604395604396,10
"164","ATQASUK:AD:ADC15",0.714285714285715,10
"165","ATQASUK:AD:ADC16",0.216450216450217,10
"166","ATQASUK:AD:ADC17",-0.610107357947106,10
"167","ATQASUK:AD:ADC18",-0.0669642857142854,10
"168","ATQASUK:AD:ADC19",0.92968985245408,12
"169","ATQASUK:AD:ADC20",1.24183006535948,12
"170","ATQASUK:AD:ADC21",2.27330293819656,12
"171","ATQASUK:AD:ADC22",1.04504504504505,12
"172","ATQASUK:AD:ADC23",0.083699518727767,12
"173","ATQASUK:AD:ADC24",0.632716049382715,10
"174","ATQASUK:AG:AGCA02",0.921917588584255,9
"175","ATQASUK:AG:AGCA03",-0.207244862417276,9
"176","ATQASUK:AG:AGCA04",0,9
"177","ATQASUK:AG:AGCA05",0.115207373271889,9
"178","ATQASUK:AG:AGCA06",-0.190756794530379,9
"179","ATQASUK:AG:AGCA07",-0.529100529100529,9
"180","ATQASUK:AG:AGCA09",0.335955424450999,9
"181","ATQASUK:AG:AGCA10",-1.04420113544201,9
"182","ATQASUK:AG:AGCB02",1.85457817036765,9
"183","ATQASUK:AG:AGCB03",-2.60204383011401,9
"184","ATQASUK:AG:AGCB04",0.252525252525255,9
"185","ATQASUK:AG:AGCB06",0.126262626262625,6
"186","ATQASUK:AG:AGCB07",0.849514563106796,9
"187","ATQASUK:AG:AGCB08",0.205642310905468,9
"188","ATQASUK:AG:AGCB09",1.04920315258198,9
"189","ATQASUK:AG:AGCB10",1.56852336354099,9
"190","ATQASUK:AG:AGCB11",0.0828899683861519,9
"191","ATQASUK:AG:AGCC05",0.690218616182105,9
"192","ATQASUK:AG:AGCC06",-5.41752933057281,6
"193","ATQASUK:AG:AGCC08",0.0679250679250695,9
"194","ATQASUK:AG:AGCC09",0.131395253346473,9
"195","ATQASUK:AG:AGCC10",-1.57898385724467e-15,9
"196","ATQASUK:AG:AGCC11",-0.076103500761036,9
"197","ATQASUK:AG:AGCD02",0.621969217794646,9
"198","ATQASUK:AG:AGCD03",0,9
"199","ATQASUK:AG:AGCD04",-0.161030595813205,9
"200","ATQASUK:AG:AGCD05",-0.314253647586982,9
"201","ATQASUK:AG:AGCD06",0.103406326034063,9
"202","ATQASUK:AG:AGCD07",0.997354497354498,9
"203","ATQASUK:AG:AGCD08",0.931476624620125,9
"204","ATQASUK:AG:AGCD10",0.580863825896938,9
"205","ATQASUK:AG:AGCD11",-1.15496045728604,9
"206","ATQASUK:AG:AGCE02",-4.65873015873016,9
"207","ATQASUK:AG:AGCE03",1.33278514407099,9
"208","ATQASUK:AG:AGCE04",0.849883700125247,9
"209","ATQASUK:AG:AGCE06",0.73599240265907,9
"210","ATQASUK:AG:AGCE07",0.289296046287368,9
"211","ATQASUK:AG:AGCE08",-3.26661220043573,9
"212","ATQASUK:AG:AGCE09",1.19047619047619,9
"213","ATQASUK:AG:AGCE11",-0.765505804311774,9
"214","ATQASUK:AG:AGCF02",1.94091452155968,9
"215","ATQASUK:AG:AGCF05",-0.315656565656564,9
"216","ATQASUK:AG:AGCF06",-0.167763582397729,9
"217","ATQASUK:AG:AGCF07",-3.19112744097435,9
"218","ATQASUK:AG:AGCF10",-2.41531165311653,9
"219","ATQASUK:AG:AGCG02",-0.167084377610694,9
"220","ATQASUK:AG:AGCG03",-2.19507539606795,9
"221","ATQASUK:AG:AGCG05",0.626210192394841,9
"222","ATQASUK:AG:AGCG06",-1.53968997899634,9
"223","ATQASUK:AG:AGCG07",0.322061191626409,9
"224","ATQASUK:AG:AGCG10",-2.07231040564374,9
"225","ATQASUK:AG:AGCG11",0.0655039711782529,9
"226","ATQASUK:AG:AGCH02",0.700650998565597,9
"227","ATQASUK:AG:AGCH03",1.30403207982066,9
"228","ATQASUK:AG:AGCH04",-1.43448533279042,9
"229","ATQASUK:AG:AGCH11",-1.03494481469727,9
"230","ATQASUK:AG:AGCI03",1.7921146953405,9
"231","ATQASUK:AG:AGCI04",-0.050172381254862,9
"232","ATQASUK:AG:AGCI05",-1.8971623987298,7
"233","ATQASUK:AG:AGCI06",-1.63474810213941,9
"234","ATQASUK:AG:AGCI11",-1.55174937783633,9
"235","ATQASUK:AG:AGCJ02",2.40855609708069,9
"236","ATQASUK:AG:AGCJ03",0.0276854928017719,9
"237","ATQASUK:AG:AGCJ04",1.41975308641975,9
"238","ATQASUK:AG:AGCJ05",-2.23852783601211,9
"239","ATQASUK:AG:AGCJ10",-1.87436676798379,9
"240","ATQASUK:AG:AGCJ11",-0.758156275397654,9
"241","ATQASUK:AW:AWC04",2.30232558139535,5
"242","ATQASUK:AW:AWC05",0.535584604212055,12
"243","ATQASUK:AW:AWC06",-2.28744939271255,5
"244","ATQASUK:AW:AWC09",-0.422357522900554,12
"245","ATQASUK:AW:AWC10",0.399385560675883,10
"246","ATQASUK:AW:AWC11",0.355133614627286,10
"247","ATQASUK:AW:AWC12",-2.42424242424242,10
"248","ATQASUK:AW:AWC13",0.0779220779220779,10
"249","ATQASUK:AW:AWC14",2.7518315018315,5
"250","ATQASUK:AW:AWC15",-0.264378478664193,10
"251","ATQASUK:AW:AWC16",0.425374969264814,10
"252","ATQASUK:AW:AWC17",-1.73913043478261,10
"253","ATQASUK:AW:AWC18",0.361842105263158,10
"254","ATQASUK:AW:AWC20",-0.303614457831326,5
"255","ATQASUK:AW:AWC23",-1.31520119225037,10
"256","ATQASUK:AW:AWC24",-1.15079365079365,5
"257","AUDKULUHEIDI:BETULAHEATH:1",1.13636363636364,22
"258","AUDKULUHEIDI:BETULAHEATH:10",0.652892561983471,22
"259","AUDKULUHEIDI:BETULAHEATH:2",-0.366300366300367,22
"260","AUDKULUHEIDI:BETULAHEATH:3",1.21126033057851,22
"261","AUDKULUHEIDI:BETULAHEATH:4",-0.0381970970206263,22
"262","AUDKULUHEIDI:BETULAHEATH:5",0.358851674641149,22
"263","AUDKULUHEIDI:BETULAHEATH:6",0.619834710743802,22
"264","AUDKULUHEIDI:BETULAHEATH:7",1.93063641339503,22
"265","AUDKULUHEIDI:BETULAHEATH:8",1.13513513513513,22
"266","AUDKULUHEIDI:BETULAHEATH:9",0.0284090909090909,22
"267","BARROW:BD:BDC01",-1.37419165196943,9
"268","BARROW:BD:BDC02",-1.78353392639107,9
"269","BARROW:BD:BDC03",-2.17236467236467,9
"270","BARROW:BD:BDC04",-1.03201087628229,9
"271","BARROW:BD:BDC05",-0.637633970967304,9
"272","BARROW:BD:BDC06",-1.61431948665991,9
"273","BARROW:BD:BDC07",-0.777777777777779,9
"274","BARROW:BD:BDC08",-1.86106504514465,9
"275","BARROW:BD:BDC09",-1.43913360408206,9
"276","BARROW:BD:BDC10",-0.942760942760943,9
"277","BARROW:BD:BDC11",-0.84405700844057,9
"278","BARROW:BD:BDC12",-1.98720314999385,9
"279","BARROW:BD:BDC13",-1.06837606837607,9
"280","BARROW:BD:BDC14",-2.27629513343799,9
"281","BARROW:BD:BDC15",-0.137495354886659,9
"282","BARROW:BD:BDC16",-1.37933961463373,9
"283","BARROW:BD:BDC17",0.906948511033349,11
"284","BARROW:BD:BDC18",-0.732954545454545,11
"285","BARROW:BD:BDC19",-0.473450600032878,11
"286","BARROW:BD:BDC20",-0.464087205223679,9
"287","BARROW:BD:BDC21",-0.318501920614596,11
"288","BARROW:BD:BDC22",0.317719680464779,9
"289","BARROW:BD:BDC23",-1.2140482728718,11
"290","BARROW:BD:BDC24",1.24378109452736,9
"291","BARROW:BG:BGCB02",0.275482093663912,9
"292","BARROW:BG:BGCC03",-0.210929387331257,9
"293","BARROW:BG:BGCD02",-2.49398004815961,9
"294","BARROW:BG:BGCD03",0.113378684807257,9
"295","BARROW:BG:BGCD04",-1.77777777777778,9
"296","BARROW:BG:BGCE02",4.57142857142857,7
"297","BARROW:BG:BGCE04",-2.83069455027799,9
"298","BARROW:BG:BGCE05",0.227937674355311,9
"299","BARROW:BG:BGCE06",-0.925925925925926,9
"300","BARROW:BG:BGCE07",-2.30703392468098,9
"301","BARROW:BG:BGCE08",-0.0112892300745086,9
"302","BARROW:BG:BGCF03",0.166112956810631,7
"303","BARROW:BG:BGCF04",-3.31010452961673,7
"304","BARROW:BG:BGCF05",0.0793650793650794,9
"305","BARROW:BG:BGCF07",-0.90702947845805,7
"306","BARROW:BG:BGCF08",0.661226197949362,9
"307","BARROW:BG:BGCF09",-3.15656565656566,9
"308","BARROW:BG:BGCF10",-0.357850808555034,9
"309","BARROW:BG:BGCF11",-0.321513002364066,9
"310","BARROW:BG:BGCG10",0.113378684807256,9
"311","BARROW:BG:BGCH04",0.060768266035711,7
"312","BARROW:BG:BGCH05",-5.82767882386203,9
"313","BARROW:BG:BGCH11",-0.354609929078014,6
"314","BARROW:BG:BGCK03",-0.277777777777778,9
"315","BARROW:BG:BGCK05",0.244200244200244,9
"316","BARROW:BG:BGCK09",0.28735632183908,6
"317","BARROW:BW:BWC01",0.428774376856516,5
"318","BARROW:BW:BWC02",-0.159143303339035,5
"319","BARROW:BW:BWC04",-0.144300144300144,9
"320","BARROW:BW:BWC05",0.194805194805195,11
"321","BARROW:BW:BWC06",0.36003600360036,11
"322","BARROW:BW:BWC07",0.264550264550265,9
"323","BARROW:BW:BWC08",0.366300366300366,9
"324","BARROW:BW:BWC10",1.32850241545894,9
"325","BARROW:BW:BWC11",0.5,5
"326","BARROW:BW:BWC12",-0.198412698412698,9
"327","BARROW:BW:BWC13",0.427350427350427,9
"328","BARROW:BW:BWC14",-0.289855072463768,5
"329","BARROW:BW:BWC15",-0.298507462686567,5
"330","BARROW:BW:BWC18",-0.253116376439243,5
"331","BARROW:BW:BWC20",0.235294117647059,5
"332","BARROW:BW:BWC23",0.207684319833853,9
"333","BARROW:BW:BWC24",0.188679245283019,5
"334","BILLEFJORDEN:AWS:11",0.600961538461539,8
"335","BILLEFJORDEN:AWS:13",-0.441682301438399,8
"336","BILLEFJORDEN:AWS:19",-0.297619047619048,8
"337","BILLEFJORDEN:AWS:20",0.189449140192364,8
"338","BILLEFJORDEN:AWS:25",0.531914893617021,8
"339","BILLEFJORDEN:AWS:26",-0.37037037037037,8
"340","BILLEFJORDEN:AWS:30",-0.243477877666138,8
"341","BILLEFJORDEN:AWS:32",0.140909528856345,8
"342","BILLEFJORDEN:AWS:33",0.357640596819151,8
"343","BILLEFJORDEN:AWS:34",0.513698630136986,8
"344","BILLEFJORDEN:AWS:37",0.245098039215686,8
"345","BILLEFJORDEN:AWS:44",0.817757009345794,8
"346","BILLEFJORDEN:AWS:45",-0.107758620689655,8
"347","BILLEFJORDEN:AWS:7",-0.273722627737226,8
"348","BROOKS:SHEEN-B:10",1.90384615384615,10
"349","BROOKS:SHEEN-B:2",0.246438197920678,5
"350","BROOKS:SHEEN-B:4",-0.493655828707375,10
"351","BROOKS:SHEEN-B:5",0.0237154150197629,10
"352","BROOKS:SHEEN-B:6",0.747252747252747,10
"353","BROOKS:SHEEN-B:7",0.598045822102426,10
"354","BROOKS:SHEEN-B:8",1.09105921207832,10
"355","BROOKS:SHEEN-B:9",0.276705276705277,10
"356","DISKO:DISTURBANCE:A1.6",2.08764062566837,28
"357","DISKO:DISTURBANCE:A2.2",0.248238940546633,28
"358","DISKO:DISTURBANCE:A3.3",0.611153552330023,28
"359","DISKO:DISTURBANCE:A4.3",0.696083956559487,28
"360","DISKO:DISTURBANCE:A5.1",0.189697024184123,28
"361","DISKO:DISTURBANCE:B1.2",0.743823845327605,28
"362","DISKO:DISTURBANCE:B2.2",-0.0212690535271181,28
"363","DISKO:DISTURBANCE:B3.4",0.581175092988015,28
"364","DISKO:DISTURBANCE:B4.5",0.482914095870907,28
"365","DISKO:DISTURBANCE:B5.2",0.346951435661113,28
"366","DISKO:DISTURBANCE:B6.5",0.371057513914657,28
"367","DISKO:DISTURBANCE:C1.3",0.290973646236804,28
"368","DISKO:DISTURBANCE:C4.3",0.377475520061071,28
"369","DISKO:DISTURBANCE:C5.3",-0.0110132158590308,28
"370","FURI:FURI4:FURI4_T1",1.16291578110127,16
"371","FURI:FURI4:FURI4_T10",-0.249131535562883,16
"372","FURI:FURI4:FURI4_T11",1.2160814421738,16
"373","FURI:FURI4:FURI4_T12",1.52759143673803,16
"374","FURI:FURI4:FURI4_T13",1.47189972089643,16
"375","FURI:FURI4:FURI4_T14",-1.40284976178213,16
"376","FURI:FURI4:FURI4_T15",1.42363913550354,16
"377","FURI:FURI4:FURI4_T16",-0.0646997929606623,16
"378","FURI:FURI4:FURI4_T17",-0.00973520249221149,16
"379","FURI:FURI4:FURI4_T18",4.66743754667437,16
"380","FURI:FURI4:FURI4_T19",-0.425563655130149,16
"381","FURI:FURI4:FURI4_T2",2.05880621615258,16
"382","FURI:FURI4:FURI4_T20",-3.95569620253165,16
"383","FURI:FURI4:FURI4_T3",3.1492343992344,16
"384","FURI:FURI4:FURI4_T4",1.01365002399172,16
"385","FURI:FURI4:FURI4_T5",5.79217567433155,16
"386","FURI:FURI4:FURI4_T6",0.470854218249894,16
"387","FURI:FURI4:FURI4_T7",-0.317258883248731,16
"388","FURI:FURI4:FURI4_T8",-3.43492583518851,16
"389","FURI:FURI4:FURI4_T9",0.622393412354096,16
"390","FURI:FURI5:FURI5_T1",0.202865965263422,16
"391","FURI:FURI5:FURI5_T10",4.90976645435244,16
"392","FURI:FURI5:FURI5_T11",-2.06404609028918,16
"393","FURI:FURI5:FURI5_T12",-2.41038534035899,16
"394","FURI:FURI5:FURI5_T13",3.2642680216121,16
"395","FURI:FURI5:FURI5_T14",1.83855773753997,16
"396","FURI:FURI5:FURI5_T15",-2.52999629887847,16
"397","FURI:FURI5:FURI5_T16",1.29136115811243,16
"398","FURI:FURI5:FURI5_T17",-0.560344827586206,16
"399","FURI:FURI5:FURI5_T18",0.50001736673922,16
"400","FURI:FURI5:FURI5_T19",2.21563246102711,16
"401","FURI:FURI5:FURI5_T2",0.615858991818071,16
"402","FURI:FURI5:FURI5_T20",2.24107417666974,16
"403","FURI:FURI5:FURI5_T3",-0.535441174779498,16
"404","FURI:FURI5:FURI5_T4",0.50531914893617,16
"405","FURI:FURI5:FURI5_T5",3.21691176470588,16
"406","FURI:FURI5:FURI5_T6",1.9405833246619,16
"407","FURI:FURI5:FURI5_T7",-1.81150068283251,16
"408","FURI:FURI5:FURI5_T8",0.996397861956774,16
"409","FURI:FURI5:FURI5_T9",1.1522823561569,16
"410","FURI:FURI6:FURI6_T1",3.91074398938938,16
"411","FURI:FURI6:FURI6_T10",-0.483622077767176,16
"412","FURI:FURI6:FURI6_T11",-3.795116215592,16
"413","FURI:FURI6:FURI6_T12",-0.904921203251182,16
"414","FURI:FURI6:FURI6_T13",-0.751577568758186,16
"415","FURI:FURI6:FURI6_T14",3.97458628841608,16
"416","FURI:FURI6:FURI6_T15",-0.903509812561435,16
"417","FURI:FURI6:FURI6_T16",4.49486301369863,16
"418","FURI:FURI6:FURI6_T17",1.09969799662416,16
"419","FURI:FURI6:FURI6_T18",1.70420634039364,16
"420","FURI:FURI6:FURI6_T19",0.28751916794453,16
"421","FURI:FURI6:FURI6_T2",-1.53299862684518,16
"422","FURI:FURI6:FURI6_T20",-1.28726920495195,16
"423","FURI:FURI6:FURI6_T3",5.72060012458417,16
"424","FURI:FURI6:FURI6_T4",2.31662774470994,16
"425","FURI:FURI6:FURI6_T5",2.04470198675497,16
"426","FURI:FURI6:FURI6_T6",0.25462962962963,16
"427","FURI:FURI6:FURI6_T7",2.06794398276393,16
"428","FURI:FURI6:FURI6_T8",4.25790754257907,16
"429","FURI:FURI6:FURI6_T9",0.561859227959126,16
"430","INCLINE_GUD:GUD:GUD_1_5",-0.900900900900899,5
"431","INCLINE_GUD:GUD:GUD_2_1",-1.16913746630728,5
"432","INCLINE_GUD:GUD:GUD_4_4",0.626696832579185,5
"433","INCLINE_GUD:GUD:GUD_5_4",0.415905863258269,5
"434","INCLINE_GUD:GUD:GUD_6_1",0.0131362889983592,5
"435","INCLINE_LAV:LAV:LAV_2_4",3.50487329434698,5
"436","INCLINE_LAV:LAV:LAV_5_5",1.04575163398693,5
"437","INCLINE_SKJ:SKJ:SKJ_7_1",-4.8463768115942,5
"438","INCLINE_ULV:ULV:ULV_3_4",-1.88978829389789,5
"439","INCLINE_ULV:ULV:ULV_5_4",-1.53798256537982,5
"440","INCLINE_ULV:ULV:ULV_6_2",0.145259938837921,5
"441","INCLINE_ULV:ULV:ULV_7_6",0.339954163483574,5
"442","JOATKA:lower_forest:JLFc1",0.138888888888889,10
"443","JOATKA:lower_forest:JLFc2",-0.12650163815071,10
"444","JOATKA:lower_forest:JLFc3",1.1990231990232,10
"445","JOATKA:lower_forest:JLFc4",1.63153786104606,10
"446","JOATKA:lower_forest:JLFc5",0.850250776212086,10
"447","JOATKA:lower_tundra:JLTc1",-1.98417528910529,10
"448","JOATKA:lower_tundra:JLTc2",-0.125541125541126,10
"449","JOATKA:lower_tundra:JLTc3",-1.69138693728858,10
"450","JOATKA:lower_tundra:JLTc4",-1.8051948051948,10
"451","JOATKA:lower_tundra:JLTc5",-1.35997456010176,10
"452","JOATKA:upper_forest:JUFc1",0.98496835443038,10
"453","JOATKA:upper_forest:JUFc3",-0.841248303934871,10
"454","JOATKA:upper_forest:JUFc4",-0.583333333333333,10
"455","JOATKA:upper_forest:JUFc5",-0.227367542761785,10
"456","JOATKA:upper_tundra:JUTc1",-1.67619047619048,10
"457","JOATKA:upper_tundra:JUTc2",-0.592592592592592,10
"458","JOATKA:upper_tundra:JUTc3",-0.5928303905832,10
"459","JOATKA:upper_tundra:JUTc4",0.721052631578948,10
"460","JOATKA:upper_tundra:JUTc5",-1.31172839506173,10
"461","KANGER:DOPEY:B_GRAZED",0.0493096646942785,13
"462","KANGER:SNEEZY:A_GRAZED",-0.323565323565323,13
"463","KANGER:SNEEZY:G_GRAZED",0.313020313020313,11
"464","KILPISJARVI:KILPISJARVI:C1",-2.20588235294118,16
"465","KILPISJARVI:KILPISJARVI:C2",-1.89664502164502,16
"466","KILPISJARVI:KILPISJARVI:C3",-0.911257704160247,16
"467","KILPISJARVI:KILPISJARVI:C4",0.112889983579639,16
"468","KILPISJARVI:KILPISJARVI:C5",-0.0985396743344538,16
"469","KYTALYK:LAKEBED:1_REMOVAL_CONTROL",-0.475160154427049,6
"470","KYTALYK:LAKEBED:3_REMOVAL_CONTROL",0.00804375804375705,6
"471","KYTALYK:LAKEBED:5_REMOVAL_CONTROL",-0.0242376167812447,6
"472","KYTALYK:LAKEBED:7_REMOVAL_CONTROL",0.0993710691823869,6
"473","KYTALYK:LAKEBED:9_REMOVAL_CONTROL",0.568436379928315,6
"474","LATNJA:DRY_HEATH:C1",0,21
"475","LATNJA:DRY_HEATH:C2",1.29953917050691,21
"476","LATNJA:DRY_HEATH:C3",-0.218319886093972,21
"477","LATNJA:DRY_HEATH:C4",-0.0992063492063493,21
"478","LATNJA:DRY_HEATH:C5",0.398988391636952,13
"479","LATNJA:DRY_MEADOW:C1",-0.243664717348928,20
"480","LATNJA:DRY_MEADOW:C2",0.30939586386582,20
"481","LATNJA:DRY_MEADOW:C3",-0.517718715393134,20
"482","LATNJA:DRY_MEADOW:C4",0.119118522930316,19
"483","LATNJA:DRY_MEADOW:C5",-0.931850903855383,19
"484","LATNJA:POOR_HEATH:Clip 3 B",1.38167388167388,18
"485","LATNJA:POOR_HEATH:Clip 3 C1",1.0989010989011,6
"486","LATNJA:POOR_HEATH:Clip 3 C2",0.0977685760294449,18
"487","LATNJA:POOR_HEATH:Clip 3 C3",0.862363387978142,6
"488","LATNJA:POOR_HEATH:Clip 4 B",0.223387723387723,18
"489","LATNJA:POOR_HEATH:Clip 4 C1",-0.0112460638776426,6
"490","LATNJA:POOR_HEATH:Clip 4 C2",0.750591016548462,6
"491","LATNJA:POOR_HEATH:Clip 4 C3",-0.35242097889852,18
"492","LATNJA:RICH_MEADOW:Clip 1 B",0.604546345287086,18
"493","LATNJA:RICH_MEADOW:Clip 1 C1",-2.01159951159951,6
"494","LATNJA:RICH_MEADOW:Clip 1 C2",-2.28070175438597,6
"495","LATNJA:RICH_MEADOW:Clip 1 C3",0.415752923976608,18
"496","LATNJA:RICH_MEADOW:Clip 2 B",-0.718885376419623,18
"497","LATNJA:RICH_MEADOW:Clip 2 C1",0.0222816399286986,6
"498","LATNJA:RICH_MEADOW:Clip 2 C2",-0.877684407096172,18
"499","LATNJA:RICH_MEADOW:Clip 2 C3",-1.01236146632566,6
"500","LATNJA:TUSSOCK_TUNDRA:C1",-0.141723356009071,21
"501","LATNJA:TUSSOCK_TUNDRA:C2",-0.0410816989961768,21
"502","LATNJA:TUSSOCK_TUNDRA:C3",-0.0276052449965498,21
"503","LATNJA:TUSSOCK_TUNDRA:C4",0.198412698412698,21
"504","LATNJA:TUSSOCK_TUNDRA:C5",-0.439560439560439,21
"505","LATNJA:WET_MEADOW:C1",1.72706485587583,22
"506","LATNJA:WET_MEADOW:C2",0.203043953043953,22
"507","LATNJA:WET_MEADOW:C3",0.190666178126993,22
"508","LATNJA:WET_MEADOW:C4",0.174895612043074,22
"509","LATNJA:WET_MEADOW:C5",-0.633234519104084,22
"510","LOGH:LOGH2:LOGH2_T1",-8.88178419700125e-16,16
"511","LOGH:LOGH2:LOGH2_T10",-1.99154004215762,16
"512","LOGH:LOGH2:LOGH2_T11",-4.3882473708707,16
"513","LOGH:LOGH2:LOGH2_T12",-1.27527988443481,16
"514","LOGH:LOGH2:LOGH2_T2",-3.20161842829386,16
"515","LOGH:LOGH2:LOGH2_T3",-3.64807439892791,16
"516","LOGH:LOGH2:LOGH2_T4",-4.1321353627115,16
"517","LOGH:LOGH2:LOGH2_T5",1.38996952603255,16
"518","LOGH:LOGH2:LOGH2_T6",-2.48046666792081,16
"519","LOGH:LOGH2:LOGH2_T7",-0.0595904323674494,16
"520","LOGH:LOGH2:LOGH2_T8",1.88186813186813,16
"521","LOGH:LOGH2:LOGH2_T9",0.0653119775041804,16
"522","LOGH:LOGH4:LOGH4_T1",-1.32413581527967,16
"523","LOGH:LOGH4:LOGH4_T10",0.823973000052735,16
"524","LOGH:LOGH4:LOGH4_T11",-0.944108761329305,16
"525","LOGH:LOGH4:LOGH4_T12",-3.59064004369419,16
"526","LOGH:LOGH4:LOGH4_T2",3.30336438253986,16
"527","LOGH:LOGH4:LOGH4_T3",-4.79539641943734,16
"528","LOGH:LOGH4:LOGH4_T4",-1.30418273586878,16
"529","LOGH:LOGH4:LOGH4_T5",-0.324502398617444,16
"530","LOGH:LOGH4:LOGH4_T6",0.870622940770822,16
"531","LOGH:LOGH4:LOGH4_T7",4.23851341732508,16
"532","LOGH:LOGH4:LOGH4_T8",-5.61480417795212,16
"533","LOGH:LOGH4:LOGH4_T9",-4.13641856608567,16
"534","LOGH:LOGH5:LOGH5_T1",0.743293837818791,16
"535","LOGH:LOGH5:LOGH5_T10",1.51814988290398,16
"536","LOGH:LOGH5:LOGH5_T11",2.54570662845619,16
"537","LOGH:LOGH5:LOGH5_T12",3.57519898873439,16
"538","LOGH:LOGH5:LOGH5_T2",-4.05844155844156,16
"539","LOGH:LOGH5:LOGH5_T3",1.29046162256494,16
"540","LOGH:LOGH5:LOGH5_T4",1.98293770755462,16
"541","LOGH:LOGH5:LOGH5_T5",-0.564605701592003,16
"542","LOGH:LOGH5:LOGH5_T6",-2.83018867924528,16
"543","LOGH:LOGH5:LOGH5_T7",-2.02405690537084,16
"544","LOGH:LOGH5:LOGH5_T8",0.130380555876113,16
"545","LOGH:LOGH5:LOGH5_T9",3.51731601731602,16
"546","LORI:LORI1:LORI1_T1",-0.931331238593808,16
"547","LORI:LORI1:LORI1_T10",-0.67345783344568,16
"548","LORI:LORI1:LORI1_T11",0.609301669788708,16
"549","LORI:LORI1:LORI1_T12",-0.461303572927313,16
"550","LORI:LORI1:LORI1_T13",-0.0275700038358258,16
"551","LORI:LORI1:LORI1_T14",-1.07840574199068,16
"552","LORI:LORI1:LORI1_T15",-0.320177023121387,16
"553","LORI:LORI1:LORI1_T16",-0.937787702493585,16
"554","LORI:LORI1:LORI1_T17",1.27817774652058,16
"555","LORI:LORI1:LORI1_T18",-0.805529215520702,16
"556","LORI:LORI1:LORI1_T19",0.704642764250415,16
"557","LORI:LORI1:LORI1_T2",-0.547468357674373,16
"558","LORI:LORI1:LORI1_T20",0.0339628491769517,16
"559","LORI:LORI1:LORI1_T3",-1.51499642053326,16
"560","LORI:LORI1:LORI1_T4",1.62499772010141,16
"561","LORI:LORI1:LORI1_T5",0.680438272035731,16
"562","LORI:LORI1:LORI1_T6",-1.78061629926127,16
"563","LORI:LORI1:LORI1_T7",0.279715677241016,16
"564","LORI:LORI1:LORI1_T8",-2.6218416364526,16
"565","LORI:LORI1:LORI1_T9",1.39539738847173,16
"566","LORI:LORI3:LORI3_T1",1.29413709554461,16
"567","LORI:LORI3:LORI3_T10",-4.76190476190476,16
"568","LORI:LORI3:LORI3_T11",-4.98140276301807,16
"569","LORI:LORI3:LORI3_T12",-2.02393458216715,16
"570","LORI:LORI3:LORI3_T13",-0.220722037853474,16
"571","LORI:LORI3:LORI3_T14",-4.09201680809988,16
"572","LORI:LORI3:LORI3_T15",-1.83231135076668,16
"573","LORI:LORI3:LORI3_T16",-1.29474682593344,16
"574","LORI:LORI3:LORI3_T17",-2.06435648508819,16
"575","LORI:LORI3:LORI3_T18",-0.807614284962781,16
"576","LORI:LORI3:LORI3_T19",-2.63269197683088,16
"577","LORI:LORI3:LORI3_T2",-1.08967690885167,16
"578","LORI:LORI3:LORI3_T20",-0.0244602694778102,16
"579","LORI:LORI3:LORI3_T3",-3.17988064791134,16
"580","LORI:LORI3:LORI3_T4",-2.4665811611752,16
"581","LORI:LORI3:LORI3_T5",-0.565479155252278,16
"582","LORI:LORI3:LORI3_T6",-4.23370025402201,16
"583","LORI:LORI3:LORI3_T7",-3.05535129808716,16
"584","LORI:LORI3:LORI3_T8",-2.56532300420168,16
"585","LORI:LORI3:LORI3_T9",-2.31866946451727,16
"586","LORI:LORI4:LORI4_T1",0.19890251992174,16
"587","LORI:LORI4:LORI4_T10",-1.68565449895373,16
"588","LORI:LORI4:LORI4_T11",-0.504670372085843,16
"589","LORI:LORI4:LORI4_T12",1.02526826447343,16
"590","LORI:LORI4:LORI4_T13",2.7176338040738,16
"591","LORI:LORI4:LORI4_T14",1.443137468319,16
"592","LORI:LORI4:LORI4_T15",-2.797862739919,16
"593","LORI:LORI4:LORI4_T16",-4.0406378600823,16
"594","LORI:LORI4:LORI4_T17",1.31495105138157,16
"595","LORI:LORI4:LORI4_T18",2.53405806514468,16
"596","LORI:LORI4:LORI4_T19",3.28985436767699,16
"597","LORI:LORI4:LORI4_T2",4.25349077181047,16
"598","LORI:LORI4:LORI4_T20",0.651804546519803,16
"599","LORI:LORI4:LORI4_T3",0.280562825143117,16
"600","LORI:LORI4:LORI4_T4",0.441772804158125,16
"601","LORI:LORI4:LORI4_T5",-0.299293098206141,16
"602","LORI:LORI4:LORI4_T6",0.242985125084517,16
"603","LORI:LORI4:LORI4_T7",2.02484698157135,16
"604","LORI:LORI4:LORI4_T8",1.83929672838939,16
"605","LORI:LORI4:LORI4_T9",3.17013044740375,16
"606","PYRAMIDEN:PYR:14",-0.216763005780347,8
"607","PYRAMIDEN:PYR:16",-0.100806451612903,8
"608","PYRAMIDEN:PYR:18",-0.145348837209302,8
"609","PYRAMIDEN:PYR:20",-0.211864406779661,8
"610","PYRAMIDEN:PYR:41",0.168918918918919,8
"611","PYRAMIDEN:PYR:44",0.183823529411765,8
"612","PYRAMIDEN:PYR:47",0.185185185185185,8
"613","PYRAMIDEN:PYR:48",-0.0479539641943734,8
"614","PYRAMIDEN:PYR:5",0.0579322638146167,8
"615","QHI:HE:1",-0.560519012610156,23
"616","QHI:HE:2",-0.288841593189419,23
"617","QHI:HE:3",0.420924105134631,18
"618","QHI:HE:5",-0.139318885448916,17
"619","QHI:HE:6",0.423319820192494,9
"620","QHI:KO:1",0.497319390282547,23
"621","QHI:KO:2",-0.263504611330698,23
"622","QHI:KO:3",-0.176779741997133,23
"623","QHI:KO:4",-0.346007922004434,23
"624","QHI:KO:5",-0.61879690147664,18
"625","QHI:KO:6",-0.122479416117055,23
"626","RIRI:RIRI2:RIRI2_T1",-2.59015178370017,16
"627","RIRI:RIRI2:RIRI2_T10",0.975267904570544,16
"628","RIRI:RIRI2:RIRI2_T11",-3.06452718278444,16
"629","RIRI:RIRI2:RIRI2_T12",1.0448144794673,16
"630","RIRI:RIRI2:RIRI2_T13",-1.23283216783217,16
"631","RIRI:RIRI2:RIRI2_T14",-3.2834164708469,16
"632","RIRI:RIRI2:RIRI2_T15",-2.88398262700711,16
"633","RIRI:RIRI2:RIRI2_T16",-3.67324561403509,16
"634","RIRI:RIRI2:RIRI2_T17",-3.71469927921541,16
"635","RIRI:RIRI2:RIRI2_T18",-2.20001534448366,16
"636","RIRI:RIRI2:RIRI2_T19",-3.95078118987147,16
"637","RIRI:RIRI2:RIRI2_T2",0.888376972903932,16
"638","RIRI:RIRI2:RIRI2_T20",-0.112118796093283,16
"639","RIRI:RIRI2:RIRI2_T3",4.14114687643016,16
"640","RIRI:RIRI2:RIRI2_T4",1.03767501078265,16
"641","RIRI:RIRI2:RIRI2_T5",2.5592768227623,16
"642","RIRI:RIRI2:RIRI2_T6",-1.37465753424658,16
"643","RIRI:RIRI2:RIRI2_T7",1.1927536400428,16
"644","RIRI:RIRI2:RIRI2_T8",-1.38713989042064,16
"645","RIRI:RIRI2:RIRI2_T9",1.80046793887548,16
"646","RIRI:RIRI4:RIRI4_T1",-4.47068253283186,16
"647","RIRI:RIRI4:RIRI4_T10",1.91837541553258,16
"648","RIRI:RIRI4:RIRI4_T11",2.54813832400039,16
"649","RIRI:RIRI4:RIRI4_T12",-1.66937176208276,16
"650","RIRI:RIRI4:RIRI4_T13",-2.454067951438,16
"651","RIRI:RIRI4:RIRI4_T14",0.502626777880151,16
"652","RIRI:RIRI4:RIRI4_T15",0.65449680418878,16
"653","RIRI:RIRI4:RIRI4_T16",-0.110563029813856,16
"654","RIRI:RIRI4:RIRI4_T17",-0.485141708967851,16
"655","RIRI:RIRI4:RIRI4_T18",-2.78792741239093,16
"656","RIRI:RIRI4:RIRI4_T19",1.03987817839915,16
"657","RIRI:RIRI4:RIRI4_T20",-2.46894409937888,16
"658","RIRI:RIRI4:RIRI4_T3",-0.731262555296732,16
"659","RIRI:RIRI4:RIRI4_T4",0.172162686996548,16
"660","RIRI:RIRI4:RIRI4_T5",-0.21865889212828,16
"661","RIRI:RIRI4:RIRI4_T6",-2.32538375609098,16
"662","RIRI:RIRI4:RIRI4_T7",-3.61518204717197,16
"663","RIRI:RIRI4:RIRI4_T8",-2.97506099213879,16
"664","RIRI:RIRI4:RIRI4_T9",0.599579620580626,16
"665","RIRI:RIRI6:RIRI6_T1",-1.65188101924308,16
"666","RIRI:RIRI6:RIRI6_T10",0.284004012378999,16
"667","RIRI:RIRI6:RIRI6_T11",0.186548683384126,16
"668","RIRI:RIRI6:RIRI6_T12",2.11659855153275,16
"669","RIRI:RIRI6:RIRI6_T13",-0.887039411289472,16
"670","RIRI:RIRI6:RIRI6_T14",-0.530721457252885,16
"671","RIRI:RIRI6:RIRI6_T15",-5.14238770270567,16
"672","RIRI:RIRI6:RIRI6_T16",-1.06385125918007,16
"673","RIRI:RIRI6:RIRI6_T17",4.80857580398162,16
"674","RIRI:RIRI6:RIRI6_T18",3.77504553734062,16
"675","RIRI:RIRI6:RIRI6_T19",0.993703863548495,16
"676","RIRI:RIRI6:RIRI6_T2",1.13643457042333,16
"677","RIRI:RIRI6:RIRI6_T20",0.463246854284063,16
"678","RIRI:RIRI6:RIRI6_T3",-1.78432550904977,16
"679","RIRI:RIRI6:RIRI6_T4",-1.04587995227772,16
"680","RIRI:RIRI6:RIRI6_T5",0.0158342589107869,16
"681","RIRI:RIRI6:RIRI6_T6",-2.95252875982043,16
"682","RIRI:RIRI6:RIRI6_T7",-0.817494966736695,16
"683","RIRI:RIRI6:RIRI6_T8",-1.48285397830127,16
"684","RIRI:RIRI6:RIRI6_T9",0.621976757904672,16
"685","THINGVELLIR:MOSS HEATH:1",-1.04166666666667,24
"686","THINGVELLIR:MOSS HEATH:10",-2.5462962962963,24
"687","THINGVELLIR:MOSS HEATH:2",-1.25,24
"688","THINGVELLIR:MOSS HEATH:3",-1.04166666666667,24
"689","THINGVELLIR:MOSS HEATH:4",-0.462962962962963,24
"690","THINGVELLIR:MOSS HEATH:5",2.57936507936508,24
"691","THINGVELLIR:MOSS HEATH:6",1.5625,24
"692","THINGVELLIR:MOSS HEATH:7",-0.0992063492063491,24
"693","THINGVELLIR:MOSS HEATH:8",0.555555555555555,24
"694","THINGVELLIR:MOSS HEATH:9",-0.37037037037037,24
"695","THUFUVER:PALSA:PALSA1_1",-0.396499863275909,23
"696","THUFUVER:PALSA:PALSA1_10",-0.428194993412385,23
"697","THUFUVER:PALSA:PALSA1_2",0.100981767180926,23
"698","THUFUVER:PALSA:PALSA1_3",0.443307757885763,23
"699","THUFUVER:PALSA:PALSA1_4",0.405844155844156,22
"700","THUFUVER:PALSA:PALSA1_5",-0.763959105718458,23
"701","THUFUVER:PALSA:PALSA1_6",-1.01878503257082,23
"702","THUFUVER:PALSA:PALSA1_7",-0.100010527423939,23
"703","THUFUVER:PALSA:PALSA1_8",-0.26104959942389,23
"704","THUFUVER:PALSA:PALSA1_9",-0.806451612903226,23
"705","THUFUVER:PALSA:PALSA2_1",0.16431693450327,23
"706","THUFUVER:PALSA:PALSA2_10",1.9039270687237,23
"707","THUFUVER:PALSA:PALSA2_11",0.557844868668181,23
"708","THUFUVER:PALSA:PALSA2_12",2.11097924982918,23
"709","THUFUVER:PALSA:PALSA2_13",0.0715481225006069,23
"710","THUFUVER:PALSA:PALSA2_14",2.1193092621664,23
"711","THUFUVER:PALSA:PALSA2_15",-0.306664849393485,23
"712","THUFUVER:PALSA:PALSA2_16",-1.23792270531401,23
"713","THUFUVER:PALSA:PALSA2_17",-0.288811176644571,23
"714","THUFUVER:PALSA:PALSA2_18",0.622139588100687,23
"715","THUFUVER:PALSA:PALSA2_19",1.62494510320597,23
"716","THUFUVER:PALSA:PALSA2_2",0.103374885983582,23
"717","THUFUVER:PALSA:PALSA2_20",1.60619431719176,23
"718","THUFUVER:PALSA:PALSA2_3",0.514759342736659,23
"719","THUFUVER:PALSA:PALSA2_4",0.0128807128889097,23
"720","THUFUVER:PALSA:PALSA2_5",0.831842143444407,23
"721","THUFUVER:PALSA:PALSA2_6",0.541487498009237,23
"722","THUFUVER:PALSA:PALSA2_7",0.673400673400673,23
"723","THUFUVER:PALSA:PALSA2_8",1.52173913043478,23
"724","THUFUVER:PALSA:PALSA2_9",2.04641081218921,23
"725","THUFUVER:PALSA:PALSA3_1",1.06031543052003,23
"726","THUFUVER:PALSA:PALSA3_10",0.243046178773967,23
"727","THUFUVER:PALSA:PALSA3_11",-0.880434782608696,23
"728","THUFUVER:PALSA:PALSA3_12",0.0372670807453416,23
"729","THUFUVER:PALSA:PALSA3_13",-0.125671430019256,23
"730","THUFUVER:PALSA:PALSA3_14",0.387306346826587,23
"731","THUFUVER:PALSA:PALSA3_15",0.346565847511027,23
"732","THUFUVER:PALSA:PALSA3_17",0.645586297760211,23
"733","THUFUVER:PALSA:PALSA3_18",-0.329953600274961,23
"734","THUFUVER:PALSA:PALSA3_19",0.795680591077011,23
"735","THUFUVER:PALSA:PALSA3_2",0.334448160535117,23
"736","THUFUVER:PALSA:PALSA3_20",0.679347826086957,23
"737","THUFUVER:PALSA:PALSA3_3",0.578424756579582,23
"738","THUFUVER:PALSA:PALSA3_4",-0.00535446562433069,23
"739","THUFUVER:PALSA:PALSA3_5",-0.052257525083612,23
"740","THUFUVER:PALSA:PALSA3_6",0.527009222661396,23
"741","THUFUVER:PALSA:PALSA3_7",-0.238704177323103,23
"742","THUFUVER:PALSA:PALSA3_8",0.108279193736465,23
"743","THUFUVER:PALSA:PALSA3_9",-2.32558139534884,6
"744","THUFUVER:PALSA:PALSA4_1",-0.431412200876306,23
"745","THUFUVER:PALSA:PALSA4_10",1.74948240165631,23
"746","THUFUVER:PALSA:PALSA4_2",1.23847167325428,23
"747","THUFUVER:PALSA:PALSA4_3",0.398933725526243,23
"748","THUFUVER:PALSA:PALSA4_4",0.819252432155658,23
"749","THUFUVER:PALSA:PALSA4_5",0.943714189416919,23
"750","THUFUVER:PALSA:PALSA4_6",0.780237655427201,23
"751","THUFUVER:PALSA:PALSA4_7",0.540407762220585,23
"752","THUFUVER:PALSA:PALSA4_8",0.18700327255727,23
"753","THUFUVER:PALSA:PALSA4_9",0.699328644501279,23
"754","THUFUVER:PALSA:PALSA5_1",0.0467508181393174,23
"755","THUFUVER:PALSA:PALSA5_2",-0.1194743130227,23
"756","THUFUVER:PALSA:PALSA5_3",-0.328738069989396,23
"757","THUFUVER:PALSA:PALSA5_4",-0.0372670807453416,23
"758","THUFUVER:PALSA:PALSA5_5",0.598086124401914,22
"759","THUFUVER:PALSA:PALSA5_6",-0.340641644989471,23
"760","THUFUVER:PALSA:PALSA5_7",0.756143667296786,23
"761","THUFUVER:PALSA:PALSA5_8",-0.634920634920635,6
"762","THUFUVER:PALSA:PALSA5_9",0.481218720783149,22
"763","THUFUVER:SALIXHEATH:SALIXHEATH1_1",0.946704067321178,23
"764","THUFUVER:SALIXHEATH:SALIXHEATH1_10",0.678685047720042,23
"765","THUFUVER:SALIXHEATH:SALIXHEATH1_11",-0.982403535074568,23
"766","THUFUVER:SALIXHEATH:SALIXHEATH1_12",0.41407867494824,23
"767","THUFUVER:SALIXHEATH:SALIXHEATH1_13",0.378310214375788,23
"768","THUFUVER:SALIXHEATH:SALIXHEATH1_14",-0.0495094067872895,23
"769","THUFUVER:SALIXHEATH:SALIXHEATH1_15",0.42042042042042,23
"770","THUFUVER:SALIXHEATH:SALIXHEATH1_16",-0.0213128729752771,23
"771","THUFUVER:SALIXHEATH:SALIXHEATH1_17",-0.596872616323417,23
"772","THUFUVER:SALIXHEATH:SALIXHEATH1_18",-0.639386189258312,23
"773","THUFUVER:SALIXHEATH:SALIXHEATH1_19",0.00780379041248604,23
"774","THUFUVER:SALIXHEATH:SALIXHEATH1_2",-0.531400966183575,23
"775","THUFUVER:SALIXHEATH:SALIXHEATH1_20",-1.08695652173913,23
"776","THUFUVER:SALIXHEATH:SALIXHEATH1_3",1.96112261329653,23
"777","THUFUVER:SALIXHEATH:SALIXHEATH1_4",3.60551431601273,23
"778","THUFUVER:SALIXHEATH:SALIXHEATH1_5",1.20772946859903,23
"779","THUFUVER:SALIXHEATH:SALIXHEATH1_6",0.877137628573232,23
"780","THUFUVER:SALIXHEATH:SALIXHEATH1_7",0.297029702970297,23
"781","THUFUVER:SALIXHEATH:SALIXHEATH1_8",-0.742435799644037,23
"782","THUFUVER:SALIXHEATH:SALIXHEATH1_9",-0.530773574251835,23
"783","THUFUVER:SALIXHEATH:SALIXHEATH2_1",-0.324361628709455,23
"784","THUFUVER:SALIXHEATH:SALIXHEATH2_10",-1.27235713247055,23
"785","THUFUVER:SALIXHEATH:SALIXHEATH2_11",-0.786047654139032,23
"786","THUFUVER:SALIXHEATH:SALIXHEATH2_12",-0.102974828375286,23
"787","THUFUVER:SALIXHEATH:SALIXHEATH2_13",0.0326086956521739,23
"788","THUFUVER:SALIXHEATH:SALIXHEATH2_14",-0.220541902961563,23
"789","THUFUVER:SALIXHEATH:SALIXHEATH2_15",1.0230179028133,23
"790","THUFUVER:SALIXHEATH:SALIXHEATH2_16",-0.47673531655225,23
"791","THUFUVER:SALIXHEATH:SALIXHEATH2_17",0.500658761528327,23
"792","THUFUVER:SALIXHEATH:SALIXHEATH2_18",-2.17391304347826,23
"793","THUFUVER:SALIXHEATH:SALIXHEATH2_19",-1.45352543669514,23
"794","THUFUVER:SALIXHEATH:SALIXHEATH2_2",-1.92943042156733,23
"795","THUFUVER:SALIXHEATH:SALIXHEATH2_20",-0.101703534197814,23
"796","THUFUVER:SALIXHEATH:SALIXHEATH2_3",-1.97628458498024,23
"797","THUFUVER:SALIXHEATH:SALIXHEATH2_4",-0.77189666036547,23
"798","THUFUVER:SALIXHEATH:SALIXHEATH2_5",-0.315148548174892,23
"799","THUFUVER:SALIXHEATH:SALIXHEATH2_6",0.546265328874024,23
"800","THUFUVER:SALIXHEATH:SALIXHEATH2_7",-0.46856271112564,23
"801","THUFUVER:SALIXHEATH:SALIXHEATH2_8",-0.816864295125165,23
"802","THUFUVER:SALIXHEATH:SALIXHEATH2_9",-0.934195064629847,23
"803","THUFUVER:SALIXHEATH:SALIXHEATH3_1",-1.53985507246377,23
"804","THUFUVER:SALIXHEATH:SALIXHEATH3_10",-2.96241709653648,23
"805","THUFUVER:SALIXHEATH:SALIXHEATH3_11",-2.72598584428716,23
"806","THUFUVER:SALIXHEATH:SALIXHEATH3_12",-0.763138354921211,23
"807","THUFUVER:SALIXHEATH:SALIXHEATH3_13",-2.98172652804033,23
"808","THUFUVER:SALIXHEATH:SALIXHEATH3_14",-2.84473796856846,23
"809","THUFUVER:SALIXHEATH:SALIXHEATH3_15",-2.18341648847707,23
"810","THUFUVER:SALIXHEATH:SALIXHEATH3_16",-2.28260869565217,23
"811","THUFUVER:SALIXHEATH:SALIXHEATH3_17",0.869565217391304,23
"812","THUFUVER:SALIXHEATH:SALIXHEATH3_18",-0.237040733578691,23
"813","THUFUVER:SALIXHEATH:SALIXHEATH3_19",-0.346989966555184,23
"814","THUFUVER:SALIXHEATH:SALIXHEATH3_2",-1.27272727272727,23
"815","THUFUVER:SALIXHEATH:SALIXHEATH3_20",-0.177501240600069,23
"816","THUFUVER:SALIXHEATH:SALIXHEATH3_3",-3.62002956673363,23
"817","THUFUVER:SALIXHEATH:SALIXHEATH3_4",-2.61632341723875,23
"818","THUFUVER:SALIXHEATH:SALIXHEATH3_5",-3.07922961596125,23
"819","THUFUVER:SALIXHEATH:SALIXHEATH3_6",-2.85847263700888,23
"820","THUFUVER:SALIXHEATH:SALIXHEATH3_7",-2.51752326438279,23
"821","THUFUVER:SALIXHEATH:SALIXHEATH3_8",-2.24982746721877,23
"822","THUFUVER:SALIXHEATH:SALIXHEATH3_9",-1.68060922084256,23
"823","TOOLIK:DRY:3",1.42857142857143,13
"824","TOOLIK:DRY:5",0.457875457875458,13
"825","TOOLIK:DRY:6",1.59980106100796,13
"826","TOOLIK:IMNAVAIT:1",-0.585511982570806,18
"827","TOOLIK:IMNAVAIT:10",-0.552443199502022,18
"828","TOOLIK:IMNAVAIT:11",0.271545584045584,18
"829","TOOLIK:IMNAVAIT:12",-0.323919425043021,18
"830","TOOLIK:IMNAVAIT:13",0,18
"831","TOOLIK:IMNAVAIT:14",0.37359900373599,18
"832","TOOLIK:IMNAVAIT:15",-0.0548967940272283,18
"833","TOOLIK:IMNAVAIT:16",-0.204589930617327,18
"834","TOOLIK:IMNAVAIT:19",0.397849462365592,18
"835","TOOLIK:IMNAVAIT:2",-0.277923287352308,18
"836","TOOLIK:IMNAVAIT:20",-0.206004303784181,18
"837","TOOLIK:IMNAVAIT:21",0.0707518149378611,18
"838","TOOLIK:IMNAVAIT:22",0.0661375661375669,18
"839","TOOLIK:IMNAVAIT:23",-0.618498120465076,18
"840","TOOLIK:IMNAVAIT:24",-0.283061594202898,18
"841","TOOLIK:IMNAVAIT:25",0.499007602142081,18
"842","TOOLIK:IMNAVAIT:26",-0.067750677506775,18
"843","TOOLIK:IMNAVAIT:27",0.0537367724867721,18
"844","TOOLIK:IMNAVAIT:28",-1.45615701171257,18
"845","TOOLIK:IMNAVAIT:29",-0.258511364744903,18
"846","TOOLIK:IMNAVAIT:3",-0.37287903667214,18
"847","TOOLIK:IMNAVAIT:30",0.677506775067751,18
"848","TOOLIK:IMNAVAIT:31",0.260126347082869,18
"849","TOOLIK:IMNAVAIT:33",0.0594304188655923,18
"850","TOOLIK:IMNAVAIT:34",-0.210970464135021,18
"851","TOOLIK:IMNAVAIT:35",0.14957264957265,18
"852","TOOLIK:IMNAVAIT:36",0.0767478708655176,18
"853","TOOLIK:IMNAVAIT:37",0.576944725880896,18
"854","TOOLIK:IMNAVAIT:38",0.176017601760176,18
"855","TOOLIK:IMNAVAIT:39",-0.262626262626262,18
"856","TOOLIK:IMNAVAIT:4",0.0256748826291076,18
"857","TOOLIK:IMNAVAIT:40",-1.64937856275114,18
"858","TOOLIK:IMNAVAIT:41",-0.0730994152046781,18
"859","TOOLIK:IMNAVAIT:42",0,6
"860","TOOLIK:IMNAVAIT:43",0.820603746135661,18
"861","TOOLIK:IMNAVAIT:44",-0.117264600023221,18
"862","TOOLIK:IMNAVAIT:45",-0.650190631808279,18
"863","TOOLIK:IMNAVAIT:46",-0.0183452577508708,18
"864","TOOLIK:IMNAVAIT:47",0.104821802935011,18
"865","TOOLIK:IMNAVAIT:48",0.439024390243903,18
"866","TOOLIK:IMNAVAIT:5",-0.0624219725343317,18
"867","TOOLIK:IMNAVAIT:51",-0.0645994832041347,18
"868","TOOLIK:IMNAVAIT:52",0.0337552742616036,18
"869","TOOLIK:IMNAVAIT:53",-0.222476481057717,18
"870","TOOLIK:IMNAVAIT:54",0.0653082549634271,18
"871","TOOLIK:IMNAVAIT:55",-0.143821613654732,18
"872","TOOLIK:IMNAVAIT:56",0.0199123855037829,18
"873","TOOLIK:IMNAVAIT:57",1.02124183006536,18
"874","TOOLIK:IMNAVAIT:58",0,6
"875","TOOLIK:IMNAVAIT:59",0.111111111111111,18
"876","TOOLIK:IMNAVAIT:6",-0.0837273443656422,18
"877","TOOLIK:IMNAVAIT:60",-0.204025365315687,18
"878","TOOLIK:IMNAVAIT:61",0,18
"879","TOOLIK:IMNAVAIT:62",-0.0867208672086722,18
"880","TOOLIK:IMNAVAIT:63",-1.15684691955878,12
"881","TOOLIK:IMNAVAIT:65",0.106837606837607,18
"882","TOOLIK:IMNAVAIT:66",-0.238175770900277,18
"883","TOOLIK:IMNAVAIT:67",0,18
"884","TOOLIK:IMNAVAIT:68",0.0305250305250308,18
"885","TOOLIK:IMNAVAIT:69",0.0619195046439632,18
"886","TOOLIK:IMNAVAIT:7",-1.24458874458874,18
"887","TOOLIK:IMNAVAIT:70",0.266843694678746,18
"888","TOOLIK:IMNAVAIT:71",-0.00806321561038538,18
"889","TOOLIK:IMNAVAIT:8",-0.0670960815888352,18
"890","TOOLIK:IMNAVAIT:9",0.396008463429977,18
"891","TOOLIK:MOIST:13",-0.800865800865801,14
"892","TOOLIK:MOIST:17",0.0528005406775358,14
"893","TOOLIK:MOIST:18",-0.0751879699248121,14
"894","TOOLIK:TUSSOCKGRID:1",0.0787792454459127,18
"895","TOOLIK:TUSSOCKGRID:10",-0.411522633744856,18
"896","TOOLIK:TUSSOCKGRID:11",0.151358789129686,18
"897","TOOLIK:TUSSOCKGRID:12",-0.195868945868946,18
"898","TOOLIK:TUSSOCKGRID:13",-0.171821305841925,18
"899","TOOLIK:TUSSOCKGRID:14",-0.373482726423903,18
"900","TOOLIK:TUSSOCKGRID:15",0.634893997874364,18
"901","TOOLIK:TUSSOCKGRID:16",0.0357845768473789,18
"902","TOOLIK:TUSSOCKGRID:17",-0.0891855058521721,18
"903","TOOLIK:TUSSOCKGRID:18",-0.0398451730418946,18
"904","TOOLIK:TUSSOCKGRID:19",-0.067750677506775,18
"905","TOOLIK:TUSSOCKGRID:2",-0.53030303030303,18
"906","TOOLIK:TUSSOCKGRID:20",0.0960459293792629,18
"907","TOOLIK:TUSSOCKGRID:21",-0.181159420289855,18
"908","TOOLIK:TUSSOCKGRID:22",-0.0279955207166852,18
"909","TOOLIK:TUSSOCKGRID:23",0.117300588998702,18
"910","TOOLIK:TUSSOCKGRID:24",0.256890425429751,18
"911","TOOLIK:TUSSOCKGRID:25",-0.0500500500500504,18
"912","TOOLIK:TUSSOCKGRID:26",-0.0409924487594395,18
"913","TOOLIK:TUSSOCKGRID:27",-0.00455373406193063,18
"914","TOOLIK:TUSSOCKGRID:28",-0.0661375661375661,18
"915","TOOLIK:TUSSOCKGRID:29",-2.22222222222222,18
"916","TOOLIK:TUSSOCKGRID:3",-0.884502923976608,18
"917","TOOLIK:TUSSOCKGRID:30",0.0216131250614006,18
"918","TOOLIK:TUSSOCKGRID:31",-0.255984502559845,18
"919","TOOLIK:TUSSOCKGRID:32",-0.0102995097433368,18
"920","TOOLIK:TUSSOCKGRID:33",0.416666666666667,18
"921","TOOLIK:TUSSOCKGRID:34",-0.0721500721500716,18
"922","TOOLIK:TUSSOCKGRID:35",-0.0661375661375661,18
"923","TOOLIK:TUSSOCKGRID:36",-0.431995540691193,18
"924","TOOLIK:TUSSOCKGRID:37",0.125448028673836,18
"925","TOOLIK:TUSSOCKGRID:38",0.280552472561352,18
"926","TOOLIK:TUSSOCKGRID:39",0.12613232427474,18
"927","TOOLIK:TUSSOCKGRID:4",0,18
"928","TOOLIK:TUSSOCKGRID:40",0.842718371454003,18
"929","TOOLIK:TUSSOCKGRID:41",0.0672100672100674,18
"930","TOOLIK:TUSSOCKGRID:42",-1.13526570048309,18
"931","TOOLIK:TUSSOCKGRID:43",-0.122039848067246,18
"932","TOOLIK:TUSSOCKGRID:44",-0.0921360625529163,18
"933","TOOLIK:TUSSOCKGRID:45",1.15686274509804,18
"934","TOOLIK:TUSSOCKGRID:46",0.0582750582750577,18
"935","TOOLIK:TUSSOCKGRID:47",0.246212121212121,18
"936","TOOLIK:TUSSOCKGRID:48",-0.0928381962864727,18
"937","TOOLIK:TUSSOCKGRID:49",-0.205560965054636,18
"938","TOOLIK:TUSSOCKGRID:5",0.292397660818713,18
"939","TOOLIK:TUSSOCKGRID:50",-0.144927536231884,18
"940","TOOLIK:TUSSOCKGRID:51",-2.3577701412753,12
"941","TOOLIK:TUSSOCKGRID:52",-0.509348807221148,18
"942","TOOLIK:TUSSOCKGRID:53",-0.327228327228327,18
"943","TOOLIK:TUSSOCKGRID:54",0.904673283705542,12
"944","TOOLIK:TUSSOCKGRID:55",0.108654572940287,18
"945","TOOLIK:TUSSOCKGRID:56",-0.00516795865633036,18
"946","TOOLIK:TUSSOCKGRID:57",-0.061177248677249,18
"947","TOOLIK:TUSSOCKGRID:58",-0.596397273612463,18
"948","TOOLIK:TUSSOCKGRID:59",-0.156695156695157,18
"949","TOOLIK:TUSSOCKGRID:6",0.520660241497728,18
"950","TOOLIK:TUSSOCKGRID:60",0.756172839506173,18
"951","TOOLIK:TUSSOCKGRID:61",1.64120292925914,18
"952","TOOLIK:TUSSOCKGRID:62",-0.783475783475783,18
"953","TOOLIK:TUSSOCKGRID:63",0.0333867521367518,18
"954","TOOLIK:TUSSOCKGRID:64",0.189786059351277,18
"955","TOOLIK:TUSSOCKGRID:65",0.0896057347670257,18
"956","TOOLIK:TUSSOCKGRID:66",0.262990933464317,18
"957","TOOLIK:TUSSOCKGRID:67",0.153318903318903,18
"958","TOOLIK:TUSSOCKGRID:68",0.214607130494981,18
"959","TOOLIK:TUSSOCKGRID:69",-0.888987391646966,18
"960","TOOLIK:TUSSOCKGRID:7",0.445070674539274,18
"961","TOOLIK:TUSSOCKGRID:70",-0.533168375162012,18
"962","TOOLIK:TUSSOCKGRID:72",0.898692810457516,18
"963","TOOLIK:TUSSOCKGRID:74",0,18
"964","TOOLIK:TUSSOCKGRID:75",0.647014361300076,18
"965","TOOLIK:TUSSOCKGRID:76",-0.555555555555556,18
"966","TOOLIK:TUSSOCKGRID:77",-0.342025699168556,18
"967","TOOLIK:TUSSOCKGRID:78",-0.185185185185185,18
"968","TOOLIK:TUSSOCKGRID:79",-0.445930880713489,18
"969","TOOLIK:TUSSOCKGRID:8",0.287277950508192,18
"970","TOOLIK:TUSSOCKGRID:80",-1.05413105413105,18
"971","TOOLIK:TUSSOCKGRID:81",0.242504409171076,18
"972","TOOLIK:TUSSOCKGRID:82",2.99277605779154,6
"973","TOOLIK:TUSSOCKGRID:83",-0.691244239631337,18
"974","TOOLIK:TUSSOCKGRID:84",-0.13826043237808,18
"975","TOOLIK:TUSSOCKGRID:85",0.989952718676123,18
"976","TOOLIK:TUSSOCKGRID:9",0.161193582246214,18
"977","TORNGATS:NAKVAKDRY:11b",-0.303454715219421,7
"978","TORNGATS:NAKVAKDRY:12b",-3.36134453781513,7
"979","TORNGATS:NAKVAKDRY:13b",0.999213217938631,5
"980","TORNGATS:NAKVAKDRY:14b",-3.18877551020408,7
"981","TORNGATS:NAKVAKDRY:15b",0.414713306887846,7
"982","TORNGATS:NAKVAKDRY:1b",-2.21995746189295,8
"983","TORNGATS:NAKVAKDRY:2a",3.95299145299145,8
"984","TORNGATS:NAKVAKDRY:3b",1.9481981981982,8
"985","TORNGATS:NAKVAKDRY:6b",0.277559570568211,5
"986","TORNGATS:NAKVAKDRY:8b",-0.277777777777779,8
"987","TORNGATS:NAKVAKWET:16b",1.01555277611616,7
"988","TORNGATS:NAKVAKWET:17b",0.821130089422771,7
"989","TORNGATS:NAKVAKWET:4b",0.824948209529446,8
"990","TORNGATS:NAKVAKWET:7b",2.02894088669951,8
"991","WOLFCREEK:WOLFCREEK:WOLFCREEK_CTL_11",0.359237536656891,10
"992","WOLFCREEK:WOLFCREEK:WOLFCREEK_CTL_2",-0.467479674796748,10
"993","WOLFCREEK:WOLFCREEK:WOLFCREEK_CTL_20",0.458141067897165,10
"994","WOLFCREEK:WOLFCREEK:WOLFCREEK_CTL_5",2.20454545454545,10
"995","WOLFCREEK:WOLFCREEK:WOLFCREEK_CTL_9",0.655875551818373,10
"996","ZACKENBERG:ABRASION PLATEAU:A1",-0.909090909090909,11
"997","ZACKENBERG:ABRASION PLATEAU:A2",1.21212121212121,11
"998","ZACKENBERG:ABRASION PLATEAU:A5",0.454545454545455,11
"999","ZACKENBERG:FEN:F1",0.619834710743802,11
"1000","ZACKENBERG:SALIX ARCTICA SNOWBED:S5",0.267379679144385,11
