"","SiteSubsitePlot"
"1","ALEXFIORD:CASSIOPE_COVER:ALL"
"2","FURI:FURI4:FURI4_T1"
"3","FURI:FURI4:FURI4_T10"
"4","FURI:FURI4:FURI4_T11"
"5","FURI:FURI4:FURI4_T12"
"6","FURI:FURI4:FURI4_T13"
"7","FURI:FURI4:FURI4_T14"
"8","FURI:FURI4:FURI4_T15"
"9","FURI:FURI4:FURI4_T16"
"10","FURI:FURI4:FURI4_T17"
"11","FURI:FURI4:FURI4_T18"
"12","FURI:FURI4:FURI4_T19"
"13","FURI:FURI4:FURI4_T2"
"14","FURI:FURI4:FURI4_T20"
"15","FURI:FURI4:FURI4_T3"
"16","FURI:FURI4:FURI4_T4"
"17","FURI:FURI4:FURI4_T5"
"18","FURI:FURI4:FURI4_T6"
"19","FURI:FURI4:FURI4_T7"
"20","FURI:FURI4:FURI4_T8"
"21","FURI:FURI4:FURI4_T9"
"22","FURI:FURI5:FURI5_T1"
"23","FURI:FURI5:FURI5_T10"
"24","FURI:FURI5:FURI5_T11"
"25","FURI:FURI5:FURI5_T12"
"26","FURI:FURI5:FURI5_T13"
"27","FURI:FURI5:FURI5_T14"
"28","FURI:FURI5:FURI5_T15"
"29","FURI:FURI5:FURI5_T16"
"30","FURI:FURI5:FURI5_T17"
"31","FURI:FURI5:FURI5_T18"
"32","FURI:FURI5:FURI5_T19"
"33","FURI:FURI5:FURI5_T2"
"34","FURI:FURI5:FURI5_T20"
"35","FURI:FURI5:FURI5_T3"
"36","FURI:FURI5:FURI5_T4"
"37","FURI:FURI5:FURI5_T5"
"38","FURI:FURI5:FURI5_T6"
"39","FURI:FURI5:FURI5_T7"
"40","FURI:FURI5:FURI5_T8"
"41","FURI:FURI5:FURI5_T9"
"42","FURI:FURI6:FURI6_T1"
"43","FURI:FURI6:FURI6_T10"
"44","FURI:FURI6:FURI6_T11"
"45","FURI:FURI6:FURI6_T12"
"46","FURI:FURI6:FURI6_T13"
"47","FURI:FURI6:FURI6_T14"
"48","FURI:FURI6:FURI6_T15"
"49","FURI:FURI6:FURI6_T16"
"50","FURI:FURI6:FURI6_T17"
"51","FURI:FURI6:FURI6_T18"
"52","FURI:FURI6:FURI6_T19"
"53","FURI:FURI6:FURI6_T2"
"54","FURI:FURI6:FURI6_T20"
"55","FURI:FURI6:FURI6_T3"
"56","FURI:FURI6:FURI6_T4"
"57","FURI:FURI6:FURI6_T5"
"58","FURI:FURI6:FURI6_T6"
"59","FURI:FURI6:FURI6_T7"
"60","FURI:FURI6:FURI6_T8"
"61","FURI:FURI6:FURI6_T9"
"62","LOGH:LOGH2:LOGH2_T1"
"63","LOGH:LOGH2:LOGH2_T10"
"64","LOGH:LOGH2:LOGH2_T11"
"65","LOGH:LOGH2:LOGH2_T12"
"66","LOGH:LOGH2:LOGH2_T2"
"67","LOGH:LOGH2:LOGH2_T3"
"68","LOGH:LOGH2:LOGH2_T4"
"69","LOGH:LOGH2:LOGH2_T5"
"70","LOGH:LOGH2:LOGH2_T6"
"71","LOGH:LOGH2:LOGH2_T7"
"72","LOGH:LOGH2:LOGH2_T8"
"73","LOGH:LOGH2:LOGH2_T9"
"74","LOGH:LOGH4:LOGH4_T1"
"75","LOGH:LOGH4:LOGH4_T10"
"76","LOGH:LOGH4:LOGH4_T11"
"77","LOGH:LOGH4:LOGH4_T12"
"78","LOGH:LOGH4:LOGH4_T2"
"79","LOGH:LOGH4:LOGH4_T3"
"80","LOGH:LOGH4:LOGH4_T4"
"81","LOGH:LOGH4:LOGH4_T5"
"82","LOGH:LOGH4:LOGH4_T6"
"83","LOGH:LOGH4:LOGH4_T7"
"84","LOGH:LOGH4:LOGH4_T8"
"85","LOGH:LOGH4:LOGH4_T9"
"86","LOGH:LOGH5:LOGH5_T1"
"87","LOGH:LOGH5:LOGH5_T10"
"88","LOGH:LOGH5:LOGH5_T11"
"89","LOGH:LOGH5:LOGH5_T12"
"90","LOGH:LOGH5:LOGH5_T2"
"91","LOGH:LOGH5:LOGH5_T3"
"92","LOGH:LOGH5:LOGH5_T4"
"93","LOGH:LOGH5:LOGH5_T5"
"94","LOGH:LOGH5:LOGH5_T6"
"95","LOGH:LOGH5:LOGH5_T7"
"96","LOGH:LOGH5:LOGH5_T8"
"97","LOGH:LOGH5:LOGH5_T9"
"98","LORI:LORI1:LORI1_T1"
"99","LORI:LORI1:LORI1_T10"
"100","LORI:LORI1:LORI1_T11"
"101","LORI:LORI1:LORI1_T12"
"102","LORI:LORI1:LORI1_T13"
"103","LORI:LORI1:LORI1_T14"
"104","LORI:LORI1:LORI1_T15"
"105","LORI:LORI1:LORI1_T16"
"106","LORI:LORI1:LORI1_T17"
"107","LORI:LORI1:LORI1_T18"
"108","LORI:LORI1:LORI1_T19"
"109","LORI:LORI1:LORI1_T2"
"110","LORI:LORI1:LORI1_T20"
"111","LORI:LORI1:LORI1_T3"
"112","LORI:LORI1:LORI1_T4"
"113","LORI:LORI1:LORI1_T5"
"114","LORI:LORI1:LORI1_T6"
"115","LORI:LORI1:LORI1_T7"
"116","LORI:LORI1:LORI1_T8"
"117","LORI:LORI1:LORI1_T9"
"118","LORI:LORI3:LORI3_T1"
"119","LORI:LORI3:LORI3_T10"
"120","LORI:LORI3:LORI3_T11"
"121","LORI:LORI3:LORI3_T12"
"122","LORI:LORI3:LORI3_T13"
"123","LORI:LORI3:LORI3_T14"
"124","LORI:LORI3:LORI3_T15"
"125","LORI:LORI3:LORI3_T16"
"126","LORI:LORI3:LORI3_T17"
"127","LORI:LORI3:LORI3_T18"
"128","LORI:LORI3:LORI3_T19"
"129","LORI:LORI3:LORI3_T2"
"130","LORI:LORI3:LORI3_T20"
"131","LORI:LORI3:LORI3_T3"
"132","LORI:LORI3:LORI3_T4"
"133","LORI:LORI3:LORI3_T5"
"134","LORI:LORI3:LORI3_T6"
"135","LORI:LORI3:LORI3_T7"
"136","LORI:LORI3:LORI3_T8"
"137","LORI:LORI3:LORI3_T9"
"138","LORI:LORI4:LORI4_T1"
"139","LORI:LORI4:LORI4_T10"
"140","LORI:LORI4:LORI4_T11"
"141","LORI:LORI4:LORI4_T12"
"142","LORI:LORI4:LORI4_T13"
"143","LORI:LORI4:LORI4_T14"
"144","LORI:LORI4:LORI4_T15"
"145","LORI:LORI4:LORI4_T16"
"146","LORI:LORI4:LORI4_T17"
"147","LORI:LORI4:LORI4_T18"
"148","LORI:LORI4:LORI4_T19"
"149","LORI:LORI4:LORI4_T2"
"150","LORI:LORI4:LORI4_T20"
"151","LORI:LORI4:LORI4_T3"
"152","LORI:LORI4:LORI4_T4"
"153","LORI:LORI4:LORI4_T5"
"154","LORI:LORI4:LORI4_T6"
"155","LORI:LORI4:LORI4_T7"
"156","LORI:LORI4:LORI4_T8"
"157","LORI:LORI4:LORI4_T9"
"158","RIRI:RIRI2:RIRI2_T1"
"159","RIRI:RIRI2:RIRI2_T10"
"160","RIRI:RIRI2:RIRI2_T11"
"161","RIRI:RIRI2:RIRI2_T12"
"162","RIRI:RIRI2:RIRI2_T13"
"163","RIRI:RIRI2:RIRI2_T14"
"164","RIRI:RIRI2:RIRI2_T15"
"165","RIRI:RIRI2:RIRI2_T16"
"166","RIRI:RIRI2:RIRI2_T17"
"167","RIRI:RIRI2:RIRI2_T18"
"168","RIRI:RIRI2:RIRI2_T19"
"169","RIRI:RIRI2:RIRI2_T2"
"170","RIRI:RIRI2:RIRI2_T20"
"171","RIRI:RIRI2:RIRI2_T3"
"172","RIRI:RIRI2:RIRI2_T4"
"173","RIRI:RIRI2:RIRI2_T5"
"174","RIRI:RIRI2:RIRI2_T6"
"175","RIRI:RIRI2:RIRI2_T7"
"176","RIRI:RIRI2:RIRI2_T8"
"177","RIRI:RIRI2:RIRI2_T9"
"178","RIRI:RIRI4:RIRI4_T1"
"179","RIRI:RIRI4:RIRI4_T10"
"180","RIRI:RIRI4:RIRI4_T11"
"181","RIRI:RIRI4:RIRI4_T12"
"182","RIRI:RIRI4:RIRI4_T13"
"183","RIRI:RIRI4:RIRI4_T14"
"184","RIRI:RIRI4:RIRI4_T15"
"185","RIRI:RIRI4:RIRI4_T16"
"186","RIRI:RIRI4:RIRI4_T17"
"187","RIRI:RIRI4:RIRI4_T18"
"188","RIRI:RIRI4:RIRI4_T19"
"189","RIRI:RIRI4:RIRI4_T20"
"190","RIRI:RIRI4:RIRI4_T3"
"191","RIRI:RIRI4:RIRI4_T4"
"192","RIRI:RIRI4:RIRI4_T5"
"193","RIRI:RIRI4:RIRI4_T6"
"194","RIRI:RIRI4:RIRI4_T7"
"195","RIRI:RIRI4:RIRI4_T8"
"196","RIRI:RIRI4:RIRI4_T9"
"197","RIRI:RIRI6:RIRI6_T1"
"198","RIRI:RIRI6:RIRI6_T10"
"199","RIRI:RIRI6:RIRI6_T11"
"200","RIRI:RIRI6:RIRI6_T12"
"201","RIRI:RIRI6:RIRI6_T13"
"202","RIRI:RIRI6:RIRI6_T14"
"203","RIRI:RIRI6:RIRI6_T15"
"204","RIRI:RIRI6:RIRI6_T16"
"205","RIRI:RIRI6:RIRI6_T17"
"206","RIRI:RIRI6:RIRI6_T18"
"207","RIRI:RIRI6:RIRI6_T19"
"208","RIRI:RIRI6:RIRI6_T2"
"209","RIRI:RIRI6:RIRI6_T20"
"210","RIRI:RIRI6:RIRI6_T3"
"211","RIRI:RIRI6:RIRI6_T4"
"212","RIRI:RIRI6:RIRI6_T5"
"213","RIRI:RIRI6:RIRI6_T6"
"214","RIRI:RIRI6:RIRI6_T7"
"215","RIRI:RIRI6:RIRI6_T8"
"216","RIRI:RIRI6:RIRI6_T9"
"217","INCLINE_SKJ:SKJ:SKJ_7_1"
"218","INCLINE_ULV:ULV:ULV_3_4"
"219","INCLINE_ULV:ULV:ULV_5_4"
"220","INCLINE_ULV:ULV:ULV_6_2"
"221","INCLINE_ULV:ULV:ULV_7_6"
"222","INCLINE_LAV:LAV:LAV_2_4"
"223","INCLINE_LAV:LAV:LAV_5_5"
"224","INCLINE_GUD:GUD:GUD_1_5"
"225","INCLINE_GUD:GUD:GUD_2_1"
"226","INCLINE_GUD:GUD:GUD_4_4"
"227","INCLINE_GUD:GUD:GUD_5_4"
"228","INCLINE_GUD:GUD:GUD_6_1"
"229","BILLEFJORDEN:AWS:2"
"230","BILLEFJORDEN:AWS:4"
"231","BILLEFJORDEN:AWS:7"
"232","BILLEFJORDEN:AWS:11"
"233","BILLEFJORDEN:AWS:13"
"234","BILLEFJORDEN:AWS:19"
"235","BILLEFJORDEN:AWS:20"
"236","BILLEFJORDEN:AWS:25"
"237","BILLEFJORDEN:AWS:26"
"238","BILLEFJORDEN:AWS:30"
"239","BILLEFJORDEN:AWS:32"
"240","BILLEFJORDEN:AWS:33"
"241","BILLEFJORDEN:AWS:34"
"242","BILLEFJORDEN:AWS:37"
"243","BILLEFJORDEN:AWS:42"
"244","BILLEFJORDEN:AWS:44"
"245","BILLEFJORDEN:AWS:45"
"246","BILLEFJORDEN:AWS:47"
"247","BILLEFJORDEN:AWS:50"
"248","PYRAMIDEN:PYR:3"
"249","PYRAMIDEN:PYR:5"
"250","PYRAMIDEN:PYR:7"
"251","PYRAMIDEN:PYR:14"
"252","PYRAMIDEN:PYR:16"
"253","PYRAMIDEN:PYR:18"
"254","PYRAMIDEN:PYR:20"
"255","PYRAMIDEN:PYR:22"
"256","PYRAMIDEN:PYR:27"
"257","PYRAMIDEN:PYR:30"
"258","PYRAMIDEN:PYR:31"
"259","PYRAMIDEN:PYR:35"
"260","PYRAMIDEN:PYR:37"
"261","PYRAMIDEN:PYR:41"
"262","PYRAMIDEN:PYR:44"
"263","PYRAMIDEN:PYR:45"
"264","PYRAMIDEN:PYR:46"
"265","PYRAMIDEN:PYR:47"
"266","PYRAMIDEN:PYR:48"
"267","ABISKO:ABISKOWET_MULTE:Abisko_wetheathControl6"
"268","ABISKO:ABISKOWET_MULTE:Abisko_wetheathControl5"
"269","ABISKO:ABISKOWET_MULTE:Abisko_wetheathControl4"
"270","ABISKO:ABISKOWET_MULTE:Abisko_wetheathControl3"
"271","ABISKO:ABISKOWET_MULTE:Abisko_wetheathControl2"
"272","ABISKO:ABISKOWET_MULTE:Abisko_wetheathControl1"
"273","ABISKO:PEATLAND:AA1"
"274","ABISKO:PEATLAND:AA2"
"275","ABISKO:PEATLAND:AA3"
"276","ABISKO:PEATLAND:AA4"
"277","ABISKO:PEATLAND:AA5"
"278","ANWR:C2:C2"
"279","ANWR:H1:H1"
"280","ANWR:H3:H3"
"281","ANWR:H4:H4"
"282","ANWR:H5:H5"
"283","ANWR:K1:K1"
"284","ANWR:K2:K2"
"285","ANWR:K3:K3"
"286","ANWR:M10:M10"
"287","ANWR:M11:M11"
"288","ANWR:M4:M4"
"289","ANWR:M7S:M7S"
"290","ANWR:N11:N11"
"291","ANWR:O11:O11"
"292","ANWR:O12:O12"
"293","ANWR:O13:O13"
"294","ANWR:O15:O15"
"295","ANWR:O18:O18"
"296","ANWR:O19:O19"
"297","ANWR:O3:O3"
"298","ANWR:O6:O6"
"299","ANWR:O7:O7"
"300","ANWR:S1:S1"
"301","ANWR:S4:S4"
"302","ANWR:S6:S6"
"303","ANWR:S8:S8"
"304","THUFUVER:PALSA:PALSA2_10"
"305","THUFUVER:PALSA:PALSA2_11"
"306","THUFUVER:PALSA:PALSA2_12"
"307","THUFUVER:PALSA:PALSA2_13"
"308","THUFUVER:PALSA:PALSA2_6"
"309","THUFUVER:PALSA:PALSA2_8"
"310","THUFUVER:PALSA:PALSA3_20"
"311","THUFUVER:PALSA:PALSA4_8"
"312","THUFUVER:PALSA:PALSA4_9"
"313","THUFUVER:PALSA:PALSA5_2"
"314","THUFUVER:PALSA:PALSA1_1"
"315","THUFUVER:PALSA:PALSA1_10"
"316","THUFUVER:PALSA:PALSA1_3"
"317","THUFUVER:PALSA:PALSA1_4"
"318","THUFUVER:PALSA:PALSA1_5"
"319","THUFUVER:PALSA:PALSA1_6"
"320","THUFUVER:PALSA:PALSA1_7"
"321","THUFUVER:PALSA:PALSA1_9"
"322","THUFUVER:PALSA:PALSA2_1"
"323","THUFUVER:PALSA:PALSA2_14"
"324","THUFUVER:PALSA:PALSA2_15"
"325","THUFUVER:PALSA:PALSA2_16"
"326","THUFUVER:PALSA:PALSA2_17"
"327","THUFUVER:PALSA:PALSA2_18"
"328","THUFUVER:PALSA:PALSA2_19"
"329","THUFUVER:PALSA:PALSA2_2"
"330","THUFUVER:PALSA:PALSA2_20"
"331","THUFUVER:PALSA:PALSA2_3"
"332","THUFUVER:PALSA:PALSA2_4"
"333","THUFUVER:PALSA:PALSA4_1"
"334","THUFUVER:PALSA:PALSA4_10"
"335","THUFUVER:PALSA:PALSA4_2"
"336","THUFUVER:PALSA:PALSA4_4"
"337","THUFUVER:PALSA:PALSA4_5"
"338","THUFUVER:PALSA:PALSA4_6"
"339","THUFUVER:PALSA:PALSA4_7"
"340","THUFUVER:PALSA:PALSA1_2"
"341","THUFUVER:PALSA:PALSA1_8"
"342","THUFUVER:PALSA:PALSA2_5"
"343","THUFUVER:PALSA:PALSA2_7"
"344","THUFUVER:PALSA:PALSA2_9"
"345","THUFUVER:PALSA:PALSA4_3"
"346","THUFUVER:PALSA:PALSA5_1"
"347","THUFUVER:PALSA:PALSA5_3"
"348","THUFUVER:PALSA:PALSA5_4"
"349","THUFUVER:PALSA:PALSA5_5"
"350","THUFUVER:PALSA:PALSA5_6"
"351","THUFUVER:PALSA:PALSA5_8"
"352","THUFUVER:PALSA:PALSA5_9"
"353","THUFUVER:PALSA:PALSA3_18"
"354","THUFUVER:PALSA:PALSA3_19"
"355","THUFUVER:PALSA:PALSA3_11"
"356","THUFUVER:PALSA:PALSA3_12"
"357","THUFUVER:PALSA:PALSA3_13"
"358","THUFUVER:PALSA:PALSA3_14"
"359","THUFUVER:PALSA:PALSA3_17"
"360","THUFUVER:PALSA:PALSA3_4"
"361","THUFUVER:PALSA:PALSA3_5"
"362","THUFUVER:PALSA:PALSA3_7"
"363","THUFUVER:PALSA:PALSA3_9"
"364","THUFUVER:PALSA:PALSA5_7"
"365","THUFUVER:PALSA:PALSA3_10"
"366","THUFUVER:PALSA:PALSA3_2"
"367","THUFUVER:PALSA:PALSA3_3"
"368","THUFUVER:PALSA:PALSA3_1"
"369","THUFUVER:PALSA:PALSA3_15"
"370","THUFUVER:PALSA:PALSA3_6"
"371","THUFUVER:PALSA:PALSA3_8"
"372","THUFUVER:SALIXHEATH:SALIXHEATH2_3"
"373","THUFUVER:SALIXHEATH:SALIXHEATH2_2"
"374","THUFUVER:SALIXHEATH:SALIXHEATH2_20"
"375","THUFUVER:SALIXHEATH:SALIXHEATH2_7"
"376","THUFUVER:SALIXHEATH:SALIXHEATH2_4"
"377","THUFUVER:SALIXHEATH:SALIXHEATH3_9"
"378","THUFUVER:SALIXHEATH:SALIXHEATH3_12"
"379","THUFUVER:SALIXHEATH:SALIXHEATH3_20"
"380","THUFUVER:SALIXHEATH:SALIXHEATH1_4"
"381","THUFUVER:SALIXHEATH:SALIXHEATH2_8"
"382","THUFUVER:SALIXHEATH:SALIXHEATH1_19"
"383","THUFUVER:SALIXHEATH:SALIXHEATH2_18"
"384","THUFUVER:SALIXHEATH:SALIXHEATH3_8"
"385","THUFUVER:SALIXHEATH:SALIXHEATH2_19"
"386","THUFUVER:SALIXHEATH:SALIXHEATH3_7"
"387","THUFUVER:SALIXHEATH:SALIXHEATH2_11"
"388","THUFUVER:SALIXHEATH:SALIXHEATH2_5"
"389","THUFUVER:SALIXHEATH:SALIXHEATH2_6"
"390","THUFUVER:SALIXHEATH:SALIXHEATH3_13"
"391","THUFUVER:SALIXHEATH:SALIXHEATH1_20"
"392","THUFUVER:SALIXHEATH:SALIXHEATH1_3"
"393","THUFUVER:SALIXHEATH:SALIXHEATH2_17"
"394","THUFUVER:SALIXHEATH:SALIXHEATH2_16"
"395","THUFUVER:SALIXHEATH:SALIXHEATH3_11"
"396","THUFUVER:SALIXHEATH:SALIXHEATH2_14"
"397","THUFUVER:SALIXHEATH:SALIXHEATH3_2"
"398","THUFUVER:SALIXHEATH:SALIXHEATH1_2"
"399","THUFUVER:SALIXHEATH:SALIXHEATH1_9"
"400","THUFUVER:SALIXHEATH:SALIXHEATH2_9"
"401","THUFUVER:SALIXHEATH:SALIXHEATH3_1"
"402","THUFUVER:SALIXHEATH:SALIXHEATH2_12"
"403","THUFUVER:SALIXHEATH:SALIXHEATH2_15"
"404","THUFUVER:SALIXHEATH:SALIXHEATH3_14"
"405","THUFUVER:SALIXHEATH:SALIXHEATH3_15"
"406","THUFUVER:SALIXHEATH:SALIXHEATH3_16"
"407","THUFUVER:SALIXHEATH:SALIXHEATH3_17"
"408","THUFUVER:SALIXHEATH:SALIXHEATH1_1"
"409","THUFUVER:SALIXHEATH:SALIXHEATH1_10"
"410","THUFUVER:SALIXHEATH:SALIXHEATH2_13"
"411","THUFUVER:SALIXHEATH:SALIXHEATH1_5"
"412","THUFUVER:SALIXHEATH:SALIXHEATH1_6"
"413","THUFUVER:SALIXHEATH:SALIXHEATH1_7"
"414","THUFUVER:SALIXHEATH:SALIXHEATH1_8"
"415","THUFUVER:SALIXHEATH:SALIXHEATH3_6"
"416","THUFUVER:SALIXHEATH:SALIXHEATH3_10"
"417","THUFUVER:SALIXHEATH:SALIXHEATH1_18"
"418","THUFUVER:SALIXHEATH:SALIXHEATH3_18"
"419","THUFUVER:SALIXHEATH:SALIXHEATH3_19"
"420","THUFUVER:SALIXHEATH:SALIXHEATH1_11"
"421","THUFUVER:SALIXHEATH:SALIXHEATH3_3"
"422","THUFUVER:SALIXHEATH:SALIXHEATH1_12"
"423","THUFUVER:SALIXHEATH:SALIXHEATH1_13"
"424","THUFUVER:SALIXHEATH:SALIXHEATH1_14"
"425","THUFUVER:SALIXHEATH:SALIXHEATH1_15"
"426","THUFUVER:SALIXHEATH:SALIXHEATH1_16"
"427","THUFUVER:SALIXHEATH:SALIXHEATH1_17"
"428","THUFUVER:SALIXHEATH:SALIXHEATH2_1"
"429","THUFUVER:SALIXHEATH:SALIXHEATH2_10"
"430","THUFUVER:SALIXHEATH:SALIXHEATH3_5"
"431","THUFUVER:SALIXHEATH:SALIXHEATH3_4"
"432","WOLFCREEK:WOLFCREEK:WOLFCREEK_CTL_5"
"433","WOLFCREEK:WOLFCREEK:WOLFCREEK_CTL_9"
"434","WOLFCREEK:WOLFCREEK:WOLFCREEK_CTL_20"
"435","WOLFCREEK:WOLFCREEK:WOLFCREEK_CTL_2"
"436","ABISKO:lower_forest:ALFc1"
"437","ABISKO:lower_forest:ALFc2"
"438","ABISKO:lower_forest:ALFc3"
"439","ABISKO:lower_forest:ALFc4"
"440","ABISKO:lower_forest:ALFc5"
"441","ABISKO:lower_tundra:ALTc1"
"442","ABISKO:lower_tundra:ALTc2"
"443","ABISKO:lower_tundra:ALTc3"
"444","ABISKO:lower_tundra:ALTc4"
"445","ABISKO:lower_tundra:ALTc5"
"446","ABISKO:upper_forest:AUFc1"
"447","ABISKO:upper_forest:AUFc3"
"448","ABISKO:upper_forest:AUFc5"
"449","ABISKO:upper_tundra:AUTc1"
"450","ABISKO:upper_tundra:AUTc2"
"451","ABISKO:upper_tundra:AUTc3"
"452","ABISKO:upper_tundra:AUTc4"
"453","ABISKO:upper_tundra:AUTc5"
"454","JOATKA:lower_forest:JLFc1"
"455","JOATKA:lower_forest:JLFc2"
"456","JOATKA:lower_forest:JLFc3"
"457","JOATKA:lower_forest:JLFc4"
"458","JOATKA:lower_forest:JLFc5"
"459","JOATKA:lower_tundra:JLTc3"
"460","JOATKA:lower_tundra:JLTc5"
"461","JOATKA:lower_tundra:JLTc1"
"462","JOATKA:lower_tundra:JLTc2"
"463","JOATKA:lower_tundra:JLTc4"
"464","JOATKA:upper_forest:JUFc1"
"465","JOATKA:upper_forest:JUFc3"
"466","JOATKA:upper_forest:JUFc4"
"467","JOATKA:upper_forest:JUFc5"
"468","JOATKA:upper_tundra:JUTc1"
"469","JOATKA:upper_tundra:JUTc2"
"470","JOATKA:upper_tundra:JUTc3"
"471","JOATKA:upper_tundra:JUTc4"
"472","JOATKA:upper_tundra:JUTc5"
"473","DISKO:DISTURBANCE:C1.3"
"474","DISKO:DISTURBANCE:C4.3"
"475","DISKO:DISTURBANCE:C5.3"
"476","DISKO:DISTURBANCE:A1.6"
"477","DISKO:DISTURBANCE:A2.2"
"478","DISKO:DISTURBANCE:A3.3"
"479","DISKO:DISTURBANCE:A4.3"
"480","DISKO:DISTURBANCE:A5.1"
"481","DISKO:DISTURBANCE:A6.1"
"482","DISKO:DISTURBANCE:B1.2"
"483","DISKO:DISTURBANCE:B2.2"
"484","DISKO:DISTURBANCE:B3.4"
"485","DISKO:DISTURBANCE:B4.5"
"486","DISKO:DISTURBANCE:B5.2"
"487","DISKO:DISTURBANCE:B6.5"
"488","KILPISJARVI:KILPISJARVI:C1"
"489","KILPISJARVI:KILPISJARVI:C2"
"490","KILPISJARVI:KILPISJARVI:C3"
"491","KILPISJARVI:KILPISJARVI:C4"
"492","KILPISJARVI:KILPISJARVI:C5"
"493","LATNJA:DRY_HEATH:C1"
"494","LATNJA:DRY_HEATH:C2"
"495","LATNJA:DRY_HEATH:C3"
"496","LATNJA:DRY_HEATH:C4"
"497","LATNJA:DRY_HEATH:C5"
"498","LATNJA:DRY_MEADOW:C1"
"499","LATNJA:DRY_MEADOW:C2"
"500","LATNJA:DRY_MEADOW:C3"
"501","LATNJA:DRY_MEADOW:C4"
"502","LATNJA:DRY_MEADOW:C5"
"503","LATNJA:WET_MEADOW:C1"
"504","LATNJA:WET_MEADOW:C2"
"505","LATNJA:WET_MEADOW:C3"
"506","LATNJA:WET_MEADOW:C4"
"507","LATNJA:WET_MEADOW:C5"
"508","LATNJA:TUSSOCK_TUNDRA:C1"
"509","LATNJA:TUSSOCK_TUNDRA:C2"
"510","LATNJA:TUSSOCK_TUNDRA:C3"
"511","LATNJA:TUSSOCK_TUNDRA:C4"
"512","LATNJA:TUSSOCK_TUNDRA:C5"
"513","ABISKO:ABISKOWET_FLUX:1_CTL"
"514","ABISKO:ABISKOWET_FLUX:2_CTL"
"515","ABISKO:ABISKOWET_FLUX:3_CTL"
"516","ABISKO:ABISKOWET_FLUX:4_CTL"
"517","ABISKO:ABISKOWET_FLUX:5_CTL"
"518","ABISKO:ABISKOWET_FLUX:6_CTL"
"519","ABISKO:ABISKODRY_PADDUS:CTL_1"
"520","ABISKO:ABISKODRY_PADDUS:CTL_2"
"521","ABISKO:ABISKODRY_PADDUS:CTL_3"
"522","ABISKO:ABISKODRY_PADDUS:CTL_4"
"523","ABISKO:ABISKODRY_PADDUS:CTL_5"
"524","ABISKO:ABISKODRY_PADDUS:CTL_6"
"525","SADVENT:MES_POINTFRAME:DCUA"
"526","SADVENT:MES_POINTFRAME:DDUA"
"527","SADVENT:MES_POINTFRAME:DEUA"
"528","SADVENT:MES_POINTFRAME:DFUA"
"529","LATNJA:POOR_HEATH:Clip 3 B"
"530","LATNJA:POOR_HEATH:Clip 3 C1"
"531","LATNJA:POOR_HEATH:Clip 3 C2"
"532","LATNJA:POOR_HEATH:Clip 3 C3"
"533","LATNJA:POOR_HEATH:Clip 4 B"
"534","LATNJA:POOR_HEATH:Clip 4 C1"
"535","LATNJA:POOR_HEATH:Clip 4 C2"
"536","LATNJA:POOR_HEATH:Clip 4 C3"
"537","LATNJA:RICH_MEADOW:Clip 1 B"
"538","LATNJA:RICH_MEADOW:Clip 1 C1"
"539","LATNJA:RICH_MEADOW:Clip 1 C2"
"540","LATNJA:RICH_MEADOW:Clip 1 C3"
"541","LATNJA:RICH_MEADOW:Clip 2 B"
"542","LATNJA:RICH_MEADOW:Clip 2 C1"
"543","LATNJA:RICH_MEADOW:Clip 2 C2"
"544","LATNJA:RICH_MEADOW:Clip 2 C3"
"545","WOLFCREEK:WOLFCREEK:WOLFCREEK_CTL_11"
"546","TOOLIK:MOIST:17"
"547","KANGER:DOPEY:B_GRAZED"
"548","KANGER:SNEEZY:A_GRAZED"
"549","KANGER:SNEEZY:G_GRAZED"
"550","ZACKENBERG:ABRASION PLATEAU:A1"
"551","ZACKENBERG:ABRASION PLATEAU:A2"
"552","ZACKENBERG:ABRASION PLATEAU:A5"
"553","ZACKENBERG:CASSIOPE TETRAGONA HEATH:C2"
"554","ZACKENBERG:CASSIOPE TETRAGONA HEATH:C3"
"555","ZACKENBERG:CASSIOPE TETRAGONA HEATH:C4"
"556","ZACKENBERG:FEN:F1"
"557","ZACKENBERG:FEN:F2"
"558","ZACKENBERG:FEN:F3"
"559","ZACKENBERG:FEN:F4"
"560","ZACKENBERG:FEN:F5"
"561","ZACKENBERG:GRASSLAND:G1"
"562","ZACKENBERG:GRASSLAND:G2"
"563","ZACKENBERG:GRASSLAND:G3"
"564","ZACKENBERG:GRASSLAND:G4"
"565","ZACKENBERG:GRASSLAND:G5"
"566","ZACKENBERG:SALIX ARCTICA SNOWBED:S1"
"567","ZACKENBERG:SALIX ARCTICA SNOWBED:S2"
"568","ZACKENBERG:SALIX ARCTICA SNOWBED:S3"
"569","ZACKENBERG:SALIX ARCTICA SNOWBED:S4"
"570","ZACKENBERG:SALIX ARCTICA SNOWBED:S5"
"571","ZACKENBERG:VACCINIUM ULIGONOSUM HEATH:V4"
"572","ZACKENBERG:VACCINIUM ULIGONOSUM HEATH:V5"
"573","TOOLIK:DRY:3"
"574","TOOLIK:DRY:5"
"575","TOOLIK:DRY:6"
"576","TOOLIK:IMNAVAIT:1"
"577","TOOLIK:IMNAVAIT:2"
"578","TOOLIK:IMNAVAIT:3"
"579","TOOLIK:IMNAVAIT:4"
"580","TOOLIK:IMNAVAIT:5"
"581","TOOLIK:IMNAVAIT:6"
"582","TOOLIK:IMNAVAIT:7"
"583","TOOLIK:IMNAVAIT:8"
"584","TOOLIK:IMNAVAIT:9"
"585","TOOLIK:IMNAVAIT:10"
"586","TOOLIK:IMNAVAIT:11"
"587","TOOLIK:IMNAVAIT:12"
"588","TOOLIK:IMNAVAIT:13"
"589","TOOLIK:IMNAVAIT:14"
"590","TOOLIK:IMNAVAIT:15"
"591","TOOLIK:IMNAVAIT:16"
"592","TOOLIK:IMNAVAIT:19"
"593","TOOLIK:IMNAVAIT:20"
"594","TOOLIK:IMNAVAIT:21"
"595","TOOLIK:IMNAVAIT:22"
"596","TOOLIK:IMNAVAIT:23"
"597","TOOLIK:IMNAVAIT:24"
"598","TOOLIK:IMNAVAIT:25"
"599","TOOLIK:IMNAVAIT:26"
"600","TOOLIK:IMNAVAIT:27"
"601","TOOLIK:IMNAVAIT:28"
"602","TOOLIK:IMNAVAIT:29"
"603","TOOLIK:IMNAVAIT:30"
"604","TOOLIK:IMNAVAIT:31"
"605","TOOLIK:IMNAVAIT:33"
"606","TOOLIK:IMNAVAIT:34"
"607","TOOLIK:IMNAVAIT:35"
"608","TOOLIK:IMNAVAIT:36"
"609","TOOLIK:IMNAVAIT:37"
"610","TOOLIK:IMNAVAIT:38"
"611","TOOLIK:IMNAVAIT:39"
"612","TOOLIK:IMNAVAIT:40"
"613","TOOLIK:IMNAVAIT:41"
"614","TOOLIK:IMNAVAIT:42"
"615","TOOLIK:IMNAVAIT:43"
"616","TOOLIK:IMNAVAIT:44"
"617","TOOLIK:IMNAVAIT:45"
"618","TOOLIK:IMNAVAIT:46"
"619","TOOLIK:IMNAVAIT:47"
"620","TOOLIK:IMNAVAIT:48"
"621","TOOLIK:IMNAVAIT:51"
"622","TOOLIK:IMNAVAIT:52"
"623","TOOLIK:IMNAVAIT:53"
"624","TOOLIK:IMNAVAIT:54"
"625","TOOLIK:IMNAVAIT:55"
"626","TOOLIK:IMNAVAIT:56"
"627","TOOLIK:IMNAVAIT:57"
"628","TOOLIK:IMNAVAIT:58"
"629","TOOLIK:IMNAVAIT:59"
"630","TOOLIK:IMNAVAIT:60"
"631","TOOLIK:IMNAVAIT:61"
"632","TOOLIK:IMNAVAIT:62"
"633","TOOLIK:IMNAVAIT:63"
"634","TOOLIK:IMNAVAIT:65"
"635","TOOLIK:IMNAVAIT:66"
"636","TOOLIK:IMNAVAIT:67"
"637","TOOLIK:IMNAVAIT:68"
"638","TOOLIK:IMNAVAIT:69"
"639","TOOLIK:IMNAVAIT:70"
"640","TOOLIK:IMNAVAIT:71"
"641","TOOLIK:MOIST:13"
"642","TOOLIK:MOIST:18"
"643","TOOLIK:TUSSOCKGRID:1"
"644","TOOLIK:TUSSOCKGRID:2"
"645","TOOLIK:TUSSOCKGRID:3"
"646","TOOLIK:TUSSOCKGRID:4"
"647","TOOLIK:TUSSOCKGRID:5"
"648","TOOLIK:TUSSOCKGRID:6"
"649","TOOLIK:TUSSOCKGRID:7"
"650","TOOLIK:TUSSOCKGRID:8"
"651","TOOLIK:TUSSOCKGRID:9"
"652","TOOLIK:TUSSOCKGRID:10"
"653","TOOLIK:TUSSOCKGRID:11"
"654","TOOLIK:TUSSOCKGRID:12"
"655","TOOLIK:TUSSOCKGRID:13"
"656","TOOLIK:TUSSOCKGRID:14"
"657","TOOLIK:TUSSOCKGRID:15"
"658","TOOLIK:TUSSOCKGRID:16"
"659","TOOLIK:TUSSOCKGRID:17"
"660","TOOLIK:TUSSOCKGRID:18"
"661","TOOLIK:TUSSOCKGRID:19"
"662","TOOLIK:TUSSOCKGRID:20"
"663","TOOLIK:TUSSOCKGRID:21"
"664","TOOLIK:TUSSOCKGRID:22"
"665","TOOLIK:TUSSOCKGRID:23"
"666","TOOLIK:TUSSOCKGRID:24"
"667","TOOLIK:TUSSOCKGRID:25"
"668","TOOLIK:TUSSOCKGRID:26"
"669","TOOLIK:TUSSOCKGRID:27"
"670","TOOLIK:TUSSOCKGRID:28"
"671","TOOLIK:TUSSOCKGRID:29"
"672","TOOLIK:TUSSOCKGRID:30"
"673","TOOLIK:TUSSOCKGRID:31"
"674","TOOLIK:TUSSOCKGRID:32"
"675","TOOLIK:TUSSOCKGRID:33"
"676","TOOLIK:TUSSOCKGRID:34"
"677","TOOLIK:TUSSOCKGRID:35"
"678","TOOLIK:TUSSOCKGRID:36"
"679","TOOLIK:TUSSOCKGRID:37"
"680","TOOLIK:TUSSOCKGRID:38"
"681","TOOLIK:TUSSOCKGRID:39"
"682","TOOLIK:TUSSOCKGRID:40"
"683","TOOLIK:TUSSOCKGRID:41"
"684","TOOLIK:TUSSOCKGRID:42"
"685","TOOLIK:TUSSOCKGRID:43"
"686","TOOLIK:TUSSOCKGRID:44"
"687","TOOLIK:TUSSOCKGRID:45"
"688","TOOLIK:TUSSOCKGRID:46"
"689","TOOLIK:TUSSOCKGRID:47"
"690","TOOLIK:TUSSOCKGRID:48"
"691","TOOLIK:TUSSOCKGRID:49"
"692","TOOLIK:TUSSOCKGRID:50"
"693","TOOLIK:TUSSOCKGRID:52"
"694","TOOLIK:TUSSOCKGRID:53"
"695","TOOLIK:TUSSOCKGRID:55"
"696","TOOLIK:TUSSOCKGRID:56"
"697","TOOLIK:TUSSOCKGRID:57"
"698","TOOLIK:TUSSOCKGRID:58"
"699","TOOLIK:TUSSOCKGRID:59"
"700","TOOLIK:TUSSOCKGRID:60"
"701","TOOLIK:TUSSOCKGRID:61"
"702","TOOLIK:TUSSOCKGRID:62"
"703","TOOLIK:TUSSOCKGRID:63"
"704","TOOLIK:TUSSOCKGRID:64"
"705","TOOLIK:TUSSOCKGRID:65"
"706","TOOLIK:TUSSOCKGRID:66"
"707","TOOLIK:TUSSOCKGRID:67"
"708","TOOLIK:TUSSOCKGRID:68"
"709","TOOLIK:TUSSOCKGRID:69"
"710","TOOLIK:TUSSOCKGRID:70"
"711","TOOLIK:TUSSOCKGRID:72"
"712","TOOLIK:TUSSOCKGRID:74"
"713","TOOLIK:TUSSOCKGRID:75"
"714","TOOLIK:TUSSOCKGRID:76"
"715","TOOLIK:TUSSOCKGRID:77"
"716","TOOLIK:TUSSOCKGRID:78"
"717","TOOLIK:TUSSOCKGRID:79"
"718","TOOLIK:TUSSOCKGRID:80"
"719","TOOLIK:TUSSOCKGRID:81"
"720","TOOLIK:TUSSOCKGRID:83"
"721","TOOLIK:TUSSOCKGRID:84"
"722","TOOLIK:TUSSOCKGRID:85"
"723","TOOLIK:TUSSOCKGRID:51"
"724","TOOLIK:TUSSOCKGRID:54"
"725","TOOLIK:TUSSOCKGRID:82"
"726","ANWR:ATIGUN-A:1"
"727","ANWR:ATIGUN-A:2"
"728","ANWR:ATIGUN-A:3"
"729","ANWR:ATIGUN-A:4"
"730","ANWR:ATIGUN-A:6"
"731","ANWR:ATIGUN-A:7"
"732","ANWR:ATIGUN-A:8"
"733","ANWR:ATIGUN-A:9"
"734","ANWR:ATIGUN-A:10"
"735","ANWR:ATIGUN-A:5"
"736","ANWR:ATIGUN-B:1"
"737","ANWR:ATIGUN-B:2"
"738","ANWR:ATIGUN-B:3"
"739","ANWR:ATIGUN-B:4"
"740","ANWR:ATIGUN-B:5"
"741","ANWR:ATIGUN-B:6"
"742","ANWR:ATIGUN-B:7"
"743","ANWR:ATIGUN-B:8"
"744","ANWR:ATIGUN-B:9"
"745","ANWR:ATIGUN-B:10"
"746","ANWR:ATIGUN-C:1"
"747","ANWR:ATIGUN-C:2"
"748","ANWR:ATIGUN-C:3"
"749","ANWR:ATIGUN-C:4"
"750","ANWR:ATIGUN-C:5"
"751","ANWR:ATIGUN-C:6"
"752","ANWR:ATIGUN-C:7"
"753","ANWR:ATIGUN-C:8"
"754","ANWR:ATIGUN-C:9"
"755","ANWR:ATIGUN-C:10"
"756","ANWR:JAGO-A:1"
"757","ANWR:JAGO-A:2"
"758","ANWR:JAGO-A:3"
"759","ANWR:JAGO-A:4"
"760","ANWR:JAGO-A:5"
"761","ANWR:JAGO-A:6"
"762","ANWR:JAGO-A:7"
"763","ANWR:JAGO-A:8"
"764","ANWR:JAGO-A:9"
"765","ANWR:JAGO-A:10"
"766","ANWR:JAGO-B:1"
"767","ANWR:JAGO-B:2"
"768","ANWR:JAGO-B:3"
"769","ANWR:JAGO-B:4"
"770","ANWR:JAGO-B:5"
"771","ANWR:JAGO-B:6"
"772","ANWR:JAGO-B:7"
"773","ANWR:JAGO-B:8"
"774","ANWR:JAGO-B:9"
"775","ANWR:JAGO-B:10"
"776","BROOKS:SHEEN-B:2"
"777","BROOKS:SHEEN-B:4"
"778","BROOKS:SHEEN-B:5"
"779","BROOKS:SHEEN-B:6"
"780","BROOKS:SHEEN-B:7"
"781","BROOKS:SHEEN-B:8"
"782","BROOKS:SHEEN-B:9"
"783","BROOKS:SHEEN-B:10"
"784","ENDALEN:BIS-H:BIS-H1"
"785","ENDALEN:BIS-H:BIS-H2"
"786","ENDALEN:BIS-H:BIS-H3"
"787","ENDALEN:BIS-H:BIS-H5"
"788","ENDALEN:BIS-H:BIS-H4"
"789","ENDALEN:CAS-H:CAS-H1"
"790","ENDALEN:CAS-H:CAS-H2"
"791","ENDALEN:CAS-H:CAS-H3"
"792","ENDALEN:CAS-H:CAS-H4"
"793","ENDALEN:CAS-H:CAS-H5"
"794","ENDALEN:DRY-H:DRY-H1"
"795","ENDALEN:DRY-H:DRY-H2"
"796","ENDALEN:DRY-H:DRY-H3"
"797","ENDALEN:DRY-H:DRY-H4"
"798","ENDALEN:DRY-H:DRY-H5"
"799","KYTALYK:LAKEBED:1_REMOVAL_CONTROL"
"800","KYTALYK:LAKEBED:3_REMOVAL_CONTROL"
"801","KYTALYK:LAKEBED:5_REMOVAL_CONTROL"
"802","KYTALYK:LAKEBED:7_REMOVAL_CONTROL"
"803","KYTALYK:LAKEBED:9_REMOVAL_CONTROL"
"804","TORNGATS:NAKVAKDRY:11b"
"805","TORNGATS:NAKVAKDRY:12b"
"806","TORNGATS:NAKVAKDRY:14b"
"807","TORNGATS:NAKVAKDRY:15b"
"808","TORNGATS:NAKVAKDRY:1b"
"809","TORNGATS:NAKVAKDRY:2a"
"810","TORNGATS:NAKVAKDRY:3b"
"811","TORNGATS:NAKVAKDRY:8b"
"812","TORNGATS:NAKVAKWET:16b"
"813","TORNGATS:NAKVAKWET:17b"
"814","TORNGATS:NAKVAKWET:4b"
"815","TORNGATS:NAKVAKWET:7b"
"816","TORNGATS:NAKVAKDRY:6b"
"817","TORNGATS:NAKVAKDRY:13b"
"818","ALEXFIORD:MEADOW:Mead.c.1"
"819","ALEXFIORD:WILLOW:Will.c.1"
"820","ALEXFIORD:MEADOW:Mead.c.2"
"821","ALEXFIORD:WILLOW:Will.c.2"
"822","ALEXFIORD:MEADOW:Mead.c.3"
"823","ALEXFIORD:WILLOW:Will.c.3"
"824","ALEXFIORD:WILLOW:Will.c.4"
"825","ALEXFIORD:FERT:Fert.c.c.5"
"826","ALEXFIORD:WILLOW:Will.c.5"
"827","ALEXFIORD:MEADOW:Mead.c.6"
"828","ALEXFIORD:WILLOW:Will.c.6"
"829","ALEXFIORD:MEADOW:Mead.c.7"
"830","ALEXFIORD:WILLOW:Will.c.7"
"831","ALEXFIORD:WILLOW:Will.c.8"
"832","ALEXFIORD:WILLOW:Will.c.9"
"833","ALEXFIORD:WILLOW:Will.c.10"
"834","ALEXFIORD:FERT:Fert.c.c.13"
"835","ALEXFIORD:FERT:Fert.c.c.21"
"836","ALEXFIORD:FERT:Fert.c.c.29"
"837","ALEXFIORD:DOMEGRANITE:Dom.c.2g"
"838","ALEXFIORD:DOMEDOLOMITE:Dom.c.2d"
"839","ALEXFIORD:DOMEDOLOMITE:Dom.c.3d"
"840","ALEXFIORD:DOMEGRANITE:Dom.c.1g"
"841","ALEXFIORD:DOMEGRANITE:Dom.c.3g"
"842","ALEXFIORD:DOMEGRANITE:Dom.c.4g"
"843","ALEXFIORD:DOMEDOLOMITE:Dom.c.1d"
"844","ALEXFIORD:DOMEDOLOMITE:Dom.c.4d"
"845","ALEXFIORD:DOMEDOLOMITE:Dom.c.5d"
"846","ALEXFIORD:DOMEGRANITE:Dom.c.5g"
"847","ALEXFIORD:FERT:Fert.c.c.37"
"848","ALEXFIORD:DRYAS:Dry.c.1"
"849","ALEXFIORD:DRYAS:Dry.c.2"
"850","ALEXFIORD:DRYAS:Dry.c.3"
"851","ALEXFIORD:MEADOW:Mead.c.4"
"852","ALEXFIORD:MEADOW:Mead.c.5"
"853","ALEXFIORD:MEADOW:Mead.c.8"
"854","ALEXFIORD:MEADOW:Mead.c.9"
"855","ALEXFIORD:MEADOW:Mead.c.10"
"856","ALEXFIORD:CASSIOPE:Cas.c.c.10new"
"857","ALEXFIORD:CASSIOPE:Cas.c.c.11new"
"858","ALEXFIORD:CASSIOPE:Cas.c.c.12new"
"859","ALEXFIORD:CASSIOPE:Cas.c.c.13new"
"860","ALEXFIORD:CASSIOPE:Cas.c.c.14new"
"861","ALEXFIORD:CASSIOPE:Cas.c.c.15new"
"862","ALEXFIORD:CASSIOPE:Cas.c.c.16new"
"863","ALEXFIORD:CASSIOPE:Cas.c.c.17new"
"864","ALEXFIORD:CASSIOPE:Cas.c.c.18new"
"865","ALEXFIORD:CASSIOPE:Cas.c.c.1new"
"866","ALEXFIORD:CASSIOPE:Cas.c.c.2new"
"867","ALEXFIORD:CASSIOPE:Cas.c.c.3new"
"868","ALEXFIORD:CASSIOPE:Cas.c.c.4new"
"869","ALEXFIORD:CASSIOPE:Cas.c.c.5new"
"870","ALEXFIORD:CASSIOPE:Cas.c.c.6new"
"871","ALEXFIORD:CASSIOPE:Cas.c.c.7new"
"872","ALEXFIORD:CASSIOPE:Cas.c.c.8new"
"873","ALEXFIORD:CASSIOPE:Cas.c.c.9new"
"874","ALEXFIORD:CASSIOPE:Cas.c.c.2"
"875","ALEXFIORD:CASSIOPE:Cas.c.c.4"
"876","ALEXFIORD:CASSIOPE:Cas.c.c.9"
"877","ALEXFIORD:CASSIOPE:Cas.c.c.12"
"878","ALEXFIORD:CASSIOPE:Cas.c.c.13"
"879","ALEXFIORD:CASSIOPE:Cas.c.c.16"
"880","ALEXFIORD:DRYAS:Dry.c.4"
"881","ALEXFIORD:DRYAS:Dry.c.5"
"882","ALEXFIORD:DRYAS:Dry.c.6"
"883","ALEXFIORD:DRYAS:Dry.c.7"
"884","ALEXFIORD:DRYAS:Dry.c.8"
"885","ALEXFIORD:DRYAS:Dry.c.9"
"886","ALEXFIORD:DRYAS:Dry.c.10"
"887","ENDALEN:DRY-L:DRY-L1"
"888","ENDALEN:DRY-L:DRY-L2"
"889","ENDALEN:DRY-L:DRY-L5"
"890","ENDALEN:DRY-L:DRY-L7"
"891","ENDALEN:DRY-L:DRY-L8"
"892","ENDALEN:CAS-L:CAS-L1"
"893","ENDALEN:CAS-L:CAS-L3"
"894","ENDALEN:CAS-L:CAS-L7"
"895","ENDALEN:CAS-L:CAS-L9"
"896","ENDALEN:CAS-L:CAS-L10"
"897","ENDALEN:BIS-L:BIS-L2"
"898","ENDALEN:BIS-L:BIS-L3"
"899","ENDALEN:BIS-L:BIS-L6"
"900","ENDALEN:BIS-L:BIS-L8"
"901","ENDALEN:BIS-L:BIS-L10"
"902","AUDKULUHEIDI:BETULAHEATH:1"
"903","AUDKULUHEIDI:BETULAHEATH:2"
"904","AUDKULUHEIDI:BETULAHEATH:3"
"905","AUDKULUHEIDI:BETULAHEATH:4"
"906","AUDKULUHEIDI:BETULAHEATH:5"
"907","AUDKULUHEIDI:BETULAHEATH:6"
"908","AUDKULUHEIDI:BETULAHEATH:7"
"909","AUDKULUHEIDI:BETULAHEATH:8"
"910","AUDKULUHEIDI:BETULAHEATH:9"
"911","AUDKULUHEIDI:BETULAHEATH:10"
"912","THINGVELLIR:MOSS HEATH:1"
"913","THINGVELLIR:MOSS HEATH:3"
"914","THINGVELLIR:MOSS HEATH:4"
"915","THINGVELLIR:MOSS HEATH:8"
"916","THINGVELLIR:MOSS HEATH:9"
"917","THINGVELLIR:MOSS HEATH:10"
"918","THINGVELLIR:MOSS HEATH:2"
"919","THINGVELLIR:MOSS HEATH:5"
"920","THINGVELLIR:MOSS HEATH:6"
"921","THINGVELLIR:MOSS HEATH:7"
"922","QHI:HE:1"
"923","QHI:HE:2"
"924","QHI:HE:5"
"925","QHI:HE:3"
"926","QHI:HE:6"
"927","QHI:KO:1"
"928","QHI:KO:2"
"929","QHI:KO:3"
"930","QHI:KO:4"
"931","QHI:KO:6"
"932","QHI:KO:5"
"933","ATQASUK:AD:ADC01"
"934","ATQASUK:AD:ADC02"
"935","ATQASUK:AD:ADC03"
"936","ATQASUK:AD:ADC04"
"937","ATQASUK:AD:ADC05"
"938","ATQASUK:AD:ADC06"
"939","ATQASUK:AD:ADC07"
"940","ATQASUK:AD:ADC08"
"941","ATQASUK:AD:ADC09"
"942","ATQASUK:AD:ADC10"
"943","ATQASUK:AD:ADC11"
"944","ATQASUK:AD:ADC12"
"945","ATQASUK:AD:ADC13"
"946","ATQASUK:AD:ADC14"
"947","ATQASUK:AD:ADC15"
"948","ATQASUK:AD:ADC16"
"949","ATQASUK:AD:ADC17"
"950","ATQASUK:AD:ADC18"
"951","ATQASUK:AD:ADC19"
"952","ATQASUK:AD:ADC20"
"953","ATQASUK:AD:ADC21"
"954","ATQASUK:AD:ADC22"
"955","ATQASUK:AD:ADC23"
"956","ATQASUK:AD:ADC24"
"957","ATQASUK:AW:AWC04"
"958","ATQASUK:AW:AWC05"
"959","ATQASUK:AW:AWC06"
"960","ATQASUK:AW:AWC09"
"961","ATQASUK:AW:AWC10"
"962","ATQASUK:AW:AWC11"
"963","ATQASUK:AW:AWC12"
"964","ATQASUK:AW:AWC13"
"965","ATQASUK:AW:AWC15"
"966","ATQASUK:AW:AWC16"
"967","ATQASUK:AW:AWC17"
"968","ATQASUK:AW:AWC18"
"969","ATQASUK:AW:AWC22"
"970","ATQASUK:AW:AWC23"
"971","ATQASUK:AW:AWC14"
"972","ATQASUK:AW:AWC20"
"973","ATQASUK:AW:AWC24"
"974","BARROW:BD:BDC01"
"975","BARROW:BD:BDC02"
"976","BARROW:BD:BDC03"
"977","BARROW:BD:BDC04"
"978","BARROW:BD:BDC05"
"979","BARROW:BD:BDC06"
"980","BARROW:BD:BDC07"
"981","BARROW:BD:BDC08"
"982","BARROW:BD:BDC09"
"983","BARROW:BD:BDC10"
"984","BARROW:BD:BDC11"
"985","BARROW:BD:BDC12"
"986","BARROW:BD:BDC13"
"987","BARROW:BD:BDC14"
"988","BARROW:BD:BDC15"
"989","BARROW:BD:BDC16"
"990","BARROW:BD:BDC17"
"991","BARROW:BD:BDC18"
"992","BARROW:BD:BDC19"
"993","BARROW:BD:BDC20"
"994","BARROW:BD:BDC21"
"995","BARROW:BD:BDC22"
"996","BARROW:BD:BDC23"
"997","BARROW:BD:BDC24"
"998","BARROW:BW:BWC04"
"999","BARROW:BW:BWC05"
"1000","BARROW:BW:BWC06"
"1001","BARROW:BW:BWC07"
"1002","BARROW:BW:BWC08"
"1003","BARROW:BW:BWC10"
"1004","BARROW:BW:BWC12"
"1005","BARROW:BW:BWC13"
"1006","BARROW:BW:BWC22"
"1007","BARROW:BW:BWC23"
"1008","BARROW:BW:BWC01"
"1009","BARROW:BW:BWC02"
"1010","BARROW:BW:BWC03"
"1011","BARROW:BW:BWC09"
"1012","BARROW:BW:BWC11"
"1013","BARROW:BW:BWC14"
"1014","BARROW:BW:BWC15"
"1015","BARROW:BW:BWC16"
"1016","BARROW:BW:BWC17"
"1017","BARROW:BW:BWC18"
"1018","BARROW:BW:BWC20"
"1019","BARROW:BW:BWC21"
"1020","BARROW:BW:BWC24"
"1021","ATQASUK:AG:AGCA04"
"1022","ATQASUK:AG:AGCA05"
"1023","ATQASUK:AG:AGCA06"
"1024","ATQASUK:AG:AGCA02"
"1025","ATQASUK:AG:AGCA03"
"1026","ATQASUK:AG:AGCA07"
"1027","ATQASUK:AG:AGCA09"
"1028","ATQASUK:AG:AGCA10"
"1029","ATQASUK:AG:AGCB02"
"1030","ATQASUK:AG:AGCB03"
"1031","ATQASUK:AG:AGCB04"
"1032","ATQASUK:AG:AGCB07"
"1033","ATQASUK:AG:AGCB08"
"1034","ATQASUK:AG:AGCB09"
"1035","ATQASUK:AG:AGCB10"
"1036","ATQASUK:AG:AGCB11"
"1037","ATQASUK:AG:AGCC05"
"1038","ATQASUK:AG:AGCC06"
"1039","ATQASUK:AG:AGCC08"
"1040","ATQASUK:AG:AGCC09"
"1041","ATQASUK:AG:AGCC10"
"1042","ATQASUK:AG:AGCC11"
"1043","ATQASUK:AG:AGCD02"
"1044","ATQASUK:AG:AGCD03"
"1045","ATQASUK:AG:AGCD04"
"1046","ATQASUK:AG:AGCD05"
"1047","ATQASUK:AG:AGCD06"
"1048","ATQASUK:AG:AGCD07"
"1049","ATQASUK:AG:AGCD08"
"1050","ATQASUK:AG:AGCD10"
"1051","ATQASUK:AG:AGCD11"
"1052","ATQASUK:AG:AGCE02"
"1053","ATQASUK:AG:AGCE03"
"1054","ATQASUK:AG:AGCE04"
"1055","ATQASUK:AG:AGCE06"
"1056","ATQASUK:AG:AGCE07"
"1057","ATQASUK:AG:AGCE08"
"1058","ATQASUK:AG:AGCE09"
"1059","ATQASUK:AG:AGCE11"
"1060","ATQASUK:AG:AGCF02"
"1061","ATQASUK:AG:AGCF05"
"1062","ATQASUK:AG:AGCF06"
"1063","ATQASUK:AG:AGCF07"
"1064","ATQASUK:AG:AGCF08"
"1065","ATQASUK:AG:AGCF10"
"1066","ATQASUK:AG:AGCG02"
"1067","ATQASUK:AG:AGCG03"
"1068","ATQASUK:AG:AGCG05"
"1069","ATQASUK:AG:AGCG06"
"1070","ATQASUK:AG:AGCG07"
"1071","ATQASUK:AG:AGCG10"
"1072","ATQASUK:AG:AGCG11"
"1073","ATQASUK:AG:AGCH02"
"1074","ATQASUK:AG:AGCH03"
"1075","ATQASUK:AG:AGCH04"
"1076","ATQASUK:AG:AGCH10"
"1077","ATQASUK:AG:AGCH11"
"1078","ATQASUK:AG:AGCI03"
"1079","ATQASUK:AG:AGCI04"
"1080","ATQASUK:AG:AGCI06"
"1081","ATQASUK:AG:AGCI11"
"1082","ATQASUK:AG:AGCJ02"
"1083","ATQASUK:AG:AGCJ03"
"1084","ATQASUK:AG:AGCJ04"
"1085","ATQASUK:AG:AGCJ05"
"1086","ATQASUK:AG:AGCJ09"
"1087","ATQASUK:AG:AGCJ10"
"1088","ATQASUK:AG:AGCJ11"
"1089","ATQASUK:AG:AGCH06"
"1090","ATQASUK:AG:AGCI05"
"1091","ATQASUK:AG:AGCB06"
"1092","BARROW:BG:BGCF11"
"1093","BARROW:BG:BGCH11"
"1094","BARROW:BG:BGCJ11"
"1095","BARROW:BG:BGCC10"
"1096","BARROW:BG:BGCF10"
"1097","BARROW:BG:BGCG10"
"1098","BARROW:BG:BGCB09"
"1099","BARROW:BG:BGCE09"
"1100","BARROW:BG:BGCF09"
"1101","BARROW:BG:BGCE08"
"1102","BARROW:BG:BGCF08"
"1103","BARROW:BG:BGCG08"
"1104","BARROW:BG:BGCC07"
"1105","BARROW:BG:BGCE07"
"1106","BARROW:BG:BGCF07"
"1107","BARROW:BG:BGCK07"
"1108","BARROW:BG:BGCB06"
"1109","BARROW:BG:BGCE06"
"1110","BARROW:BG:BGCF06"
"1111","BARROW:BG:BGCB05"
"1112","BARROW:BG:BGCE05"
"1113","BARROW:BG:BGCF05"
"1114","BARROW:BG:BGCG05"
"1115","BARROW:BG:BGCH05"
"1116","BARROW:BG:BGCI05"
"1117","BARROW:BG:BGCK05"
"1118","BARROW:BG:BGCC04"
"1119","BARROW:BG:BGCD04"
"1120","BARROW:BG:BGCE04"
"1121","BARROW:BG:BGCF04"
"1122","BARROW:BG:BGCG04"
"1123","BARROW:BG:BGCC03"
"1124","BARROW:BG:BGCD03"
"1125","BARROW:BG:BGCH03"
"1126","BARROW:BG:BGCK03"
"1127","BARROW:BG:BGCB02"
"1128","BARROW:BG:BGCD02"
"1129","BARROW:BG:BGCD05"
"1130","BARROW:BG:BGCE02"
"1131","BARROW:BG:BGCF02"
"1132","BARROW:BG:BGCF03"
"1133","BARROW:BG:BGCH04"
"1134","BARROW:BG:BGCD06"
"1135","BARROW:BG:BGCH06"
"1136","BARROW:BG:BGCB11"
"1137","BARROW:BG:BGCK09"
