"","SiteSubsitePlot","SITE"
"1","ALEXFIORD:CASSIOPE_COVER:ALL","ALEXFIORD"
"2","FURI:FURI4:FURI4_T1","FURI"
"3","FURI:FURI4:FURI4_T10","FURI"
"4","FURI:FURI4:FURI4_T11","FURI"
"5","FURI:FURI4:FURI4_T12","FURI"
"6","FURI:FURI4:FURI4_T13","FURI"
"7","FURI:FURI4:FURI4_T14","FURI"
"8","FURI:FURI4:FURI4_T15","FURI"
"9","FURI:FURI4:FURI4_T16","FURI"
"10","FURI:FURI4:FURI4_T17","FURI"
"11","FURI:FURI4:FURI4_T18","FURI"
"12","FURI:FURI4:FURI4_T19","FURI"
"13","FURI:FURI4:FURI4_T2","FURI"
"14","FURI:FURI4:FURI4_T20","FURI"
"15","FURI:FURI4:FURI4_T3","FURI"
"16","FURI:FURI4:FURI4_T4","FURI"
"17","FURI:FURI4:FURI4_T5","FURI"
"18","FURI:FURI4:FURI4_T6","FURI"
"19","FURI:FURI4:FURI4_T7","FURI"
"20","FURI:FURI4:FURI4_T8","FURI"
"21","FURI:FURI4:FURI4_T9","FURI"
"22","FURI:FURI5:FURI5_T1","FURI"
"23","FURI:FURI5:FURI5_T10","FURI"
"24","FURI:FURI5:FURI5_T11","FURI"
"25","FURI:FURI5:FURI5_T12","FURI"
"26","FURI:FURI5:FURI5_T13","FURI"
"27","FURI:FURI5:FURI5_T14","FURI"
"28","FURI:FURI5:FURI5_T15","FURI"
"29","FURI:FURI5:FURI5_T16","FURI"
"30","FURI:FURI5:FURI5_T17","FURI"
"31","FURI:FURI5:FURI5_T18","FURI"
"32","FURI:FURI5:FURI5_T19","FURI"
"33","FURI:FURI5:FURI5_T2","FURI"
"34","FURI:FURI5:FURI5_T20","FURI"
"35","FURI:FURI5:FURI5_T3","FURI"
"36","FURI:FURI5:FURI5_T4","FURI"
"37","FURI:FURI5:FURI5_T5","FURI"
"38","FURI:FURI5:FURI5_T6","FURI"
"39","FURI:FURI5:FURI5_T7","FURI"
"40","FURI:FURI5:FURI5_T8","FURI"
"41","FURI:FURI5:FURI5_T9","FURI"
"42","FURI:FURI6:FURI6_T1","FURI"
"43","FURI:FURI6:FURI6_T10","FURI"
"44","FURI:FURI6:FURI6_T11","FURI"
"45","FURI:FURI6:FURI6_T12","FURI"
"46","FURI:FURI6:FURI6_T13","FURI"
"47","FURI:FURI6:FURI6_T14","FURI"
"48","FURI:FURI6:FURI6_T15","FURI"
"49","FURI:FURI6:FURI6_T16","FURI"
"50","FURI:FURI6:FURI6_T17","FURI"
"51","FURI:FURI6:FURI6_T18","FURI"
"52","FURI:FURI6:FURI6_T19","FURI"
"53","FURI:FURI6:FURI6_T2","FURI"
"54","FURI:FURI6:FURI6_T20","FURI"
"55","FURI:FURI6:FURI6_T3","FURI"
"56","FURI:FURI6:FURI6_T4","FURI"
"57","FURI:FURI6:FURI6_T5","FURI"
"58","FURI:FURI6:FURI6_T6","FURI"
"59","FURI:FURI6:FURI6_T7","FURI"
"60","FURI:FURI6:FURI6_T8","FURI"
"61","FURI:FURI6:FURI6_T9","FURI"
"62","LOGH:LOGH2:LOGH2_T1","LOGH"
"63","LOGH:LOGH2:LOGH2_T10","LOGH"
"64","LOGH:LOGH2:LOGH2_T11","LOGH"
"65","LOGH:LOGH2:LOGH2_T12","LOGH"
"66","LOGH:LOGH2:LOGH2_T2","LOGH"
"67","LOGH:LOGH2:LOGH2_T3","LOGH"
"68","LOGH:LOGH2:LOGH2_T4","LOGH"
"69","LOGH:LOGH2:LOGH2_T5","LOGH"
"70","LOGH:LOGH2:LOGH2_T6","LOGH"
"71","LOGH:LOGH2:LOGH2_T7","LOGH"
"72","LOGH:LOGH2:LOGH2_T8","LOGH"
"73","LOGH:LOGH2:LOGH2_T9","LOGH"
"74","LOGH:LOGH4:LOGH4_T1","LOGH"
"75","LOGH:LOGH4:LOGH4_T10","LOGH"
"76","LOGH:LOGH4:LOGH4_T11","LOGH"
"77","LOGH:LOGH4:LOGH4_T12","LOGH"
"78","LOGH:LOGH4:LOGH4_T2","LOGH"
"79","LOGH:LOGH4:LOGH4_T3","LOGH"
"80","LOGH:LOGH4:LOGH4_T4","LOGH"
"81","LOGH:LOGH4:LOGH4_T5","LOGH"
"82","LOGH:LOGH4:LOGH4_T6","LOGH"
"83","LOGH:LOGH4:LOGH4_T7","LOGH"
"84","LOGH:LOGH4:LOGH4_T8","LOGH"
"85","LOGH:LOGH4:LOGH4_T9","LOGH"
"86","LOGH:LOGH5:LOGH5_T1","LOGH"
"87","LOGH:LOGH5:LOGH5_T10","LOGH"
"88","LOGH:LOGH5:LOGH5_T11","LOGH"
"89","LOGH:LOGH5:LOGH5_T12","LOGH"
"90","LOGH:LOGH5:LOGH5_T2","LOGH"
"91","LOGH:LOGH5:LOGH5_T3","LOGH"
"92","LOGH:LOGH5:LOGH5_T4","LOGH"
"93","LOGH:LOGH5:LOGH5_T5","LOGH"
"94","LOGH:LOGH5:LOGH5_T6","LOGH"
"95","LOGH:LOGH5:LOGH5_T7","LOGH"
"96","LOGH:LOGH5:LOGH5_T8","LOGH"
"97","LOGH:LOGH5:LOGH5_T9","LOGH"
"98","LORI:LORI1:LORI1_T1","LORI"
"99","LORI:LORI1:LORI1_T10","LORI"
"100","LORI:LORI1:LORI1_T11","LORI"
"101","LORI:LORI1:LORI1_T12","LORI"
"102","LORI:LORI1:LORI1_T13","LORI"
"103","LORI:LORI1:LORI1_T14","LORI"
"104","LORI:LORI1:LORI1_T15","LORI"
"105","LORI:LORI1:LORI1_T16","LORI"
"106","LORI:LORI1:LORI1_T17","LORI"
"107","LORI:LORI1:LORI1_T18","LORI"
"108","LORI:LORI1:LORI1_T19","LORI"
"109","LORI:LORI1:LORI1_T2","LORI"
"110","LORI:LORI1:LORI1_T20","LORI"
"111","LORI:LORI1:LORI1_T3","LORI"
"112","LORI:LORI1:LORI1_T4","LORI"
"113","LORI:LORI1:LORI1_T5","LORI"
"114","LORI:LORI1:LORI1_T6","LORI"
"115","LORI:LORI1:LORI1_T7","LORI"
"116","LORI:LORI1:LORI1_T8","LORI"
"117","LORI:LORI1:LORI1_T9","LORI"
"118","LORI:LORI3:LORI3_T1","LORI"
"119","LORI:LORI3:LORI3_T10","LORI"
"120","LORI:LORI3:LORI3_T11","LORI"
"121","LORI:LORI3:LORI3_T12","LORI"
"122","LORI:LORI3:LORI3_T13","LORI"
"123","LORI:LORI3:LORI3_T14","LORI"
"124","LORI:LORI3:LORI3_T15","LORI"
"125","LORI:LORI3:LORI3_T16","LORI"
"126","LORI:LORI3:LORI3_T17","LORI"
"127","LORI:LORI3:LORI3_T18","LORI"
"128","LORI:LORI3:LORI3_T19","LORI"
"129","LORI:LORI3:LORI3_T2","LORI"
"130","LORI:LORI3:LORI3_T20","LORI"
"131","LORI:LORI3:LORI3_T3","LORI"
"132","LORI:LORI3:LORI3_T4","LORI"
"133","LORI:LORI3:LORI3_T5","LORI"
"134","LORI:LORI3:LORI3_T6","LORI"
"135","LORI:LORI3:LORI3_T7","LORI"
"136","LORI:LORI3:LORI3_T8","LORI"
"137","LORI:LORI3:LORI3_T9","LORI"
"138","LORI:LORI4:LORI4_T1","LORI"
"139","LORI:LORI4:LORI4_T10","LORI"
"140","LORI:LORI4:LORI4_T11","LORI"
"141","LORI:LORI4:LORI4_T12","LORI"
"142","LORI:LORI4:LORI4_T13","LORI"
"143","LORI:LORI4:LORI4_T14","LORI"
"144","LORI:LORI4:LORI4_T15","LORI"
"145","LORI:LORI4:LORI4_T16","LORI"
"146","LORI:LORI4:LORI4_T17","LORI"
"147","LORI:LORI4:LORI4_T18","LORI"
"148","LORI:LORI4:LORI4_T19","LORI"
"149","LORI:LORI4:LORI4_T2","LORI"
"150","LORI:LORI4:LORI4_T20","LORI"
"151","LORI:LORI4:LORI4_T3","LORI"
"152","LORI:LORI4:LORI4_T4","LORI"
"153","LORI:LORI4:LORI4_T5","LORI"
"154","LORI:LORI4:LORI4_T6","LORI"
"155","LORI:LORI4:LORI4_T7","LORI"
"156","LORI:LORI4:LORI4_T8","LORI"
"157","LORI:LORI4:LORI4_T9","LORI"
"158","RIRI:RIRI2:RIRI2_T1","RIRI"
"159","RIRI:RIRI2:RIRI2_T10","RIRI"
"160","RIRI:RIRI2:RIRI2_T11","RIRI"
"161","RIRI:RIRI2:RIRI2_T12","RIRI"
"162","RIRI:RIRI2:RIRI2_T13","RIRI"
"163","RIRI:RIRI2:RIRI2_T14","RIRI"
"164","RIRI:RIRI2:RIRI2_T15","RIRI"
"165","RIRI:RIRI2:RIRI2_T16","RIRI"
"166","RIRI:RIRI2:RIRI2_T17","RIRI"
"167","RIRI:RIRI2:RIRI2_T18","RIRI"
"168","RIRI:RIRI2:RIRI2_T19","RIRI"
"169","RIRI:RIRI2:RIRI2_T2","RIRI"
"170","RIRI:RIRI2:RIRI2_T20","RIRI"
"171","RIRI:RIRI2:RIRI2_T3","RIRI"
"172","RIRI:RIRI2:RIRI2_T4","RIRI"
"173","RIRI:RIRI2:RIRI2_T5","RIRI"
"174","RIRI:RIRI2:RIRI2_T6","RIRI"
"175","RIRI:RIRI2:RIRI2_T7","RIRI"
"176","RIRI:RIRI2:RIRI2_T8","RIRI"
"177","RIRI:RIRI2:RIRI2_T9","RIRI"
"178","RIRI:RIRI4:RIRI4_T1","RIRI"
"179","RIRI:RIRI4:RIRI4_T10","RIRI"
"180","RIRI:RIRI4:RIRI4_T11","RIRI"
"181","RIRI:RIRI4:RIRI4_T12","RIRI"
"182","RIRI:RIRI4:RIRI4_T13","RIRI"
"183","RIRI:RIRI4:RIRI4_T14","RIRI"
"184","RIRI:RIRI4:RIRI4_T15","RIRI"
"185","RIRI:RIRI4:RIRI4_T16","RIRI"
"186","RIRI:RIRI4:RIRI4_T17","RIRI"
"187","RIRI:RIRI4:RIRI4_T18","RIRI"
"188","RIRI:RIRI4:RIRI4_T19","RIRI"
"189","RIRI:RIRI4:RIRI4_T20","RIRI"
"190","RIRI:RIRI4:RIRI4_T3","RIRI"
"191","RIRI:RIRI4:RIRI4_T4","RIRI"
"192","RIRI:RIRI4:RIRI4_T5","RIRI"
"193","RIRI:RIRI4:RIRI4_T6","RIRI"
"194","RIRI:RIRI4:RIRI4_T7","RIRI"
"195","RIRI:RIRI4:RIRI4_T8","RIRI"
"196","RIRI:RIRI4:RIRI4_T9","RIRI"
"197","RIRI:RIRI6:RIRI6_T1","RIRI"
"198","RIRI:RIRI6:RIRI6_T10","RIRI"
"199","RIRI:RIRI6:RIRI6_T11","RIRI"
"200","RIRI:RIRI6:RIRI6_T12","RIRI"
"201","RIRI:RIRI6:RIRI6_T13","RIRI"
"202","RIRI:RIRI6:RIRI6_T14","RIRI"
"203","RIRI:RIRI6:RIRI6_T15","RIRI"
"204","RIRI:RIRI6:RIRI6_T16","RIRI"
"205","RIRI:RIRI6:RIRI6_T17","RIRI"
"206","RIRI:RIRI6:RIRI6_T18","RIRI"
"207","RIRI:RIRI6:RIRI6_T19","RIRI"
"208","RIRI:RIRI6:RIRI6_T2","RIRI"
"209","RIRI:RIRI6:RIRI6_T20","RIRI"
"210","RIRI:RIRI6:RIRI6_T3","RIRI"
"211","RIRI:RIRI6:RIRI6_T4","RIRI"
"212","RIRI:RIRI6:RIRI6_T5","RIRI"
"213","RIRI:RIRI6:RIRI6_T6","RIRI"
"214","RIRI:RIRI6:RIRI6_T7","RIRI"
"215","RIRI:RIRI6:RIRI6_T8","RIRI"
"216","RIRI:RIRI6:RIRI6_T9","RIRI"
"217","INCLINE_SKJ:SKJ:SKJ_7_1","INCLINE_SKJ"
"218","INCLINE_ULV:ULV:ULV_3_4","INCLINE_ULV"
"219","INCLINE_ULV:ULV:ULV_5_4","INCLINE_ULV"
"220","INCLINE_ULV:ULV:ULV_6_2","INCLINE_ULV"
"221","INCLINE_ULV:ULV:ULV_7_6","INCLINE_ULV"
"222","INCLINE_LAV:LAV:LAV_2_4","INCLINE_LAV"
"223","INCLINE_LAV:LAV:LAV_5_5","INCLINE_LAV"
"224","INCLINE_GUD:GUD:GUD_1_5","INCLINE_GUD"
"225","INCLINE_GUD:GUD:GUD_2_1","INCLINE_GUD"
"226","INCLINE_GUD:GUD:GUD_4_4","INCLINE_GUD"
"227","INCLINE_GUD:GUD:GUD_5_4","INCLINE_GUD"
"228","INCLINE_GUD:GUD:GUD_6_1","INCLINE_GUD"
"229","BILLEFJORDEN:AWS:2","BILLEFJORDEN"
"230","BILLEFJORDEN:AWS:4","BILLEFJORDEN"
"231","BILLEFJORDEN:AWS:7","BILLEFJORDEN"
"232","BILLEFJORDEN:AWS:11","BILLEFJORDEN"
"233","BILLEFJORDEN:AWS:13","BILLEFJORDEN"
"234","BILLEFJORDEN:AWS:19","BILLEFJORDEN"
"235","BILLEFJORDEN:AWS:20","BILLEFJORDEN"
"236","BILLEFJORDEN:AWS:25","BILLEFJORDEN"
"237","BILLEFJORDEN:AWS:26","BILLEFJORDEN"
"238","BILLEFJORDEN:AWS:30","BILLEFJORDEN"
"239","BILLEFJORDEN:AWS:32","BILLEFJORDEN"
"240","BILLEFJORDEN:AWS:33","BILLEFJORDEN"
"241","BILLEFJORDEN:AWS:34","BILLEFJORDEN"
"242","BILLEFJORDEN:AWS:37","BILLEFJORDEN"
"243","BILLEFJORDEN:AWS:42","BILLEFJORDEN"
"244","BILLEFJORDEN:AWS:44","BILLEFJORDEN"
"245","BILLEFJORDEN:AWS:45","BILLEFJORDEN"
"246","BILLEFJORDEN:AWS:47","BILLEFJORDEN"
"247","BILLEFJORDEN:AWS:50","BILLEFJORDEN"
"248","PYRAMIDEN:PYR:3","PYRAMIDEN"
"249","PYRAMIDEN:PYR:5","PYRAMIDEN"
"250","PYRAMIDEN:PYR:7","PYRAMIDEN"
"251","PYRAMIDEN:PYR:14","PYRAMIDEN"
"252","PYRAMIDEN:PYR:16","PYRAMIDEN"
"253","PYRAMIDEN:PYR:18","PYRAMIDEN"
"254","PYRAMIDEN:PYR:20","PYRAMIDEN"
"255","PYRAMIDEN:PYR:22","PYRAMIDEN"
"256","PYRAMIDEN:PYR:27","PYRAMIDEN"
"257","PYRAMIDEN:PYR:30","PYRAMIDEN"
"258","PYRAMIDEN:PYR:31","PYRAMIDEN"
"259","PYRAMIDEN:PYR:35","PYRAMIDEN"
"260","PYRAMIDEN:PYR:37","PYRAMIDEN"
"261","PYRAMIDEN:PYR:41","PYRAMIDEN"
"262","PYRAMIDEN:PYR:44","PYRAMIDEN"
"263","PYRAMIDEN:PYR:45","PYRAMIDEN"
"264","PYRAMIDEN:PYR:46","PYRAMIDEN"
"265","PYRAMIDEN:PYR:47","PYRAMIDEN"
"266","PYRAMIDEN:PYR:48","PYRAMIDEN"
"267","ABISKO:ABISKOWET_MULTE:Abisko_wetheathControl6","ABISKO"
"268","ABISKO:ABISKOWET_MULTE:Abisko_wetheathControl5","ABISKO"
"269","ABISKO:ABISKOWET_MULTE:Abisko_wetheathControl4","ABISKO"
"270","ABISKO:ABISKOWET_MULTE:Abisko_wetheathControl3","ABISKO"
"271","ABISKO:ABISKOWET_MULTE:Abisko_wetheathControl2","ABISKO"
"272","ABISKO:ABISKOWET_MULTE:Abisko_wetheathControl1","ABISKO"
"273","ABISKO:PEATLAND:AA1","ABISKO"
"274","ABISKO:PEATLAND:AA2","ABISKO"
"275","ABISKO:PEATLAND:AA3","ABISKO"
"276","ABISKO:PEATLAND:AA4","ABISKO"
"277","ABISKO:PEATLAND:AA5","ABISKO"
"278","ANWR:C2:C2","ANWR"
"279","ANWR:H1:H1","ANWR"
"280","ANWR:H3:H3","ANWR"
"281","ANWR:H4:H4","ANWR"
"282","ANWR:H5:H5","ANWR"
"283","ANWR:K1:K1","ANWR"
"284","ANWR:K2:K2","ANWR"
"285","ANWR:K3:K3","ANWR"
"286","ANWR:M10:M10","ANWR"
"287","ANWR:M11:M11","ANWR"
"288","ANWR:M4:M4","ANWR"
"289","ANWR:M7S:M7S","ANWR"
"290","ANWR:N11:N11","ANWR"
"291","ANWR:O11:O11","ANWR"
"292","ANWR:O12:O12","ANWR"
"293","ANWR:O13:O13","ANWR"
"294","ANWR:O15:O15","ANWR"
"295","ANWR:O18:O18","ANWR"
"296","ANWR:O19:O19","ANWR"
"297","ANWR:O3:O3","ANWR"
"298","ANWR:O6:O6","ANWR"
"299","ANWR:O7:O7","ANWR"
"300","ANWR:S1:S1","ANWR"
"301","ANWR:S4:S4","ANWR"
"302","ANWR:S6:S6","ANWR"
"303","ANWR:S8:S8","ANWR"
"304","THUFUVER:PALSA:PALSA2_10","THUFUVER"
"305","THUFUVER:PALSA:PALSA2_11","THUFUVER"
"306","THUFUVER:PALSA:PALSA2_12","THUFUVER"
"307","THUFUVER:PALSA:PALSA2_13","THUFUVER"
"308","THUFUVER:PALSA:PALSA2_6","THUFUVER"
"309","THUFUVER:PALSA:PALSA2_8","THUFUVER"
"310","THUFUVER:PALSA:PALSA3_20","THUFUVER"
"311","THUFUVER:PALSA:PALSA4_8","THUFUVER"
"312","THUFUVER:PALSA:PALSA4_9","THUFUVER"
"313","THUFUVER:PALSA:PALSA5_2","THUFUVER"
"314","THUFUVER:PALSA:PALSA1_1","THUFUVER"
"315","THUFUVER:PALSA:PALSA1_10","THUFUVER"
"316","THUFUVER:PALSA:PALSA1_3","THUFUVER"
"317","THUFUVER:PALSA:PALSA1_4","THUFUVER"
"318","THUFUVER:PALSA:PALSA1_5","THUFUVER"
"319","THUFUVER:PALSA:PALSA1_6","THUFUVER"
"320","THUFUVER:PALSA:PALSA1_7","THUFUVER"
"321","THUFUVER:PALSA:PALSA1_9","THUFUVER"
"322","THUFUVER:PALSA:PALSA2_1","THUFUVER"
"323","THUFUVER:PALSA:PALSA2_14","THUFUVER"
"324","THUFUVER:PALSA:PALSA2_15","THUFUVER"
"325","THUFUVER:PALSA:PALSA2_16","THUFUVER"
"326","THUFUVER:PALSA:PALSA2_17","THUFUVER"
"327","THUFUVER:PALSA:PALSA2_18","THUFUVER"
"328","THUFUVER:PALSA:PALSA2_19","THUFUVER"
"329","THUFUVER:PALSA:PALSA2_2","THUFUVER"
"330","THUFUVER:PALSA:PALSA2_20","THUFUVER"
"331","THUFUVER:PALSA:PALSA2_3","THUFUVER"
"332","THUFUVER:PALSA:PALSA2_4","THUFUVER"
"333","THUFUVER:PALSA:PALSA4_1","THUFUVER"
"334","THUFUVER:PALSA:PALSA4_10","THUFUVER"
"335","THUFUVER:PALSA:PALSA4_2","THUFUVER"
"336","THUFUVER:PALSA:PALSA4_4","THUFUVER"
"337","THUFUVER:PALSA:PALSA4_5","THUFUVER"
"338","THUFUVER:PALSA:PALSA4_6","THUFUVER"
"339","THUFUVER:PALSA:PALSA4_7","THUFUVER"
"340","THUFUVER:PALSA:PALSA1_2","THUFUVER"
"341","THUFUVER:PALSA:PALSA1_8","THUFUVER"
"342","THUFUVER:PALSA:PALSA2_5","THUFUVER"
"343","THUFUVER:PALSA:PALSA2_7","THUFUVER"
"344","THUFUVER:PALSA:PALSA2_9","THUFUVER"
"345","THUFUVER:PALSA:PALSA4_3","THUFUVER"
"346","THUFUVER:PALSA:PALSA5_1","THUFUVER"
"347","THUFUVER:PALSA:PALSA5_3","THUFUVER"
"348","THUFUVER:PALSA:PALSA5_4","THUFUVER"
"349","THUFUVER:PALSA:PALSA5_5","THUFUVER"
"350","THUFUVER:PALSA:PALSA5_6","THUFUVER"
"351","THUFUVER:PALSA:PALSA5_8","THUFUVER"
"352","THUFUVER:PALSA:PALSA5_9","THUFUVER"
"353","THUFUVER:PALSA:PALSA3_18","THUFUVER"
"354","THUFUVER:PALSA:PALSA3_19","THUFUVER"
"355","THUFUVER:PALSA:PALSA3_11","THUFUVER"
"356","THUFUVER:PALSA:PALSA3_12","THUFUVER"
"357","THUFUVER:PALSA:PALSA3_13","THUFUVER"
"358","THUFUVER:PALSA:PALSA3_14","THUFUVER"
"359","THUFUVER:PALSA:PALSA3_17","THUFUVER"
"360","THUFUVER:PALSA:PALSA3_4","THUFUVER"
"361","THUFUVER:PALSA:PALSA3_5","THUFUVER"
"362","THUFUVER:PALSA:PALSA3_7","THUFUVER"
"363","THUFUVER:PALSA:PALSA3_9","THUFUVER"
"364","THUFUVER:PALSA:PALSA5_7","THUFUVER"
"365","THUFUVER:PALSA:PALSA3_10","THUFUVER"
"366","THUFUVER:PALSA:PALSA3_2","THUFUVER"
"367","THUFUVER:PALSA:PALSA3_3","THUFUVER"
"368","THUFUVER:PALSA:PALSA3_1","THUFUVER"
"369","THUFUVER:PALSA:PALSA3_15","THUFUVER"
"370","THUFUVER:PALSA:PALSA3_6","THUFUVER"
"371","THUFUVER:PALSA:PALSA3_8","THUFUVER"
"372","THUFUVER:SALIXHEATH:SALIXHEATH2_3","THUFUVER"
"373","THUFUVER:SALIXHEATH:SALIXHEATH2_2","THUFUVER"
"374","THUFUVER:SALIXHEATH:SALIXHEATH2_20","THUFUVER"
"375","THUFUVER:SALIXHEATH:SALIXHEATH2_7","THUFUVER"
"376","THUFUVER:SALIXHEATH:SALIXHEATH2_4","THUFUVER"
"377","THUFUVER:SALIXHEATH:SALIXHEATH3_9","THUFUVER"
"378","THUFUVER:SALIXHEATH:SALIXHEATH3_12","THUFUVER"
"379","THUFUVER:SALIXHEATH:SALIXHEATH3_20","THUFUVER"
"380","THUFUVER:SALIXHEATH:SALIXHEATH1_4","THUFUVER"
"381","THUFUVER:SALIXHEATH:SALIXHEATH2_8","THUFUVER"
"382","THUFUVER:SALIXHEATH:SALIXHEATH1_19","THUFUVER"
"383","THUFUVER:SALIXHEATH:SALIXHEATH2_18","THUFUVER"
"384","THUFUVER:SALIXHEATH:SALIXHEATH3_8","THUFUVER"
"385","THUFUVER:SALIXHEATH:SALIXHEATH2_19","THUFUVER"
"386","THUFUVER:SALIXHEATH:SALIXHEATH3_7","THUFUVER"
"387","THUFUVER:SALIXHEATH:SALIXHEATH2_11","THUFUVER"
"388","THUFUVER:SALIXHEATH:SALIXHEATH2_5","THUFUVER"
"389","THUFUVER:SALIXHEATH:SALIXHEATH2_6","THUFUVER"
"390","THUFUVER:SALIXHEATH:SALIXHEATH3_13","THUFUVER"
"391","THUFUVER:SALIXHEATH:SALIXHEATH1_20","THUFUVER"
"392","THUFUVER:SALIXHEATH:SALIXHEATH1_3","THUFUVER"
"393","THUFUVER:SALIXHEATH:SALIXHEATH2_17","THUFUVER"
"394","THUFUVER:SALIXHEATH:SALIXHEATH2_16","THUFUVER"
"395","THUFUVER:SALIXHEATH:SALIXHEATH3_11","THUFUVER"
"396","THUFUVER:SALIXHEATH:SALIXHEATH2_14","THUFUVER"
"397","THUFUVER:SALIXHEATH:SALIXHEATH3_2","THUFUVER"
"398","THUFUVER:SALIXHEATH:SALIXHEATH1_2","THUFUVER"
"399","THUFUVER:SALIXHEATH:SALIXHEATH1_9","THUFUVER"
"400","THUFUVER:SALIXHEATH:SALIXHEATH2_9","THUFUVER"
"401","THUFUVER:SALIXHEATH:SALIXHEATH3_1","THUFUVER"
"402","THUFUVER:SALIXHEATH:SALIXHEATH2_12","THUFUVER"
"403","THUFUVER:SALIXHEATH:SALIXHEATH2_15","THUFUVER"
"404","THUFUVER:SALIXHEATH:SALIXHEATH3_14","THUFUVER"
"405","THUFUVER:SALIXHEATH:SALIXHEATH3_15","THUFUVER"
"406","THUFUVER:SALIXHEATH:SALIXHEATH3_16","THUFUVER"
"407","THUFUVER:SALIXHEATH:SALIXHEATH3_17","THUFUVER"
"408","THUFUVER:SALIXHEATH:SALIXHEATH1_1","THUFUVER"
"409","THUFUVER:SALIXHEATH:SALIXHEATH1_10","THUFUVER"
"410","THUFUVER:SALIXHEATH:SALIXHEATH2_13","THUFUVER"
"411","THUFUVER:SALIXHEATH:SALIXHEATH1_5","THUFUVER"
"412","THUFUVER:SALIXHEATH:SALIXHEATH1_6","THUFUVER"
"413","THUFUVER:SALIXHEATH:SALIXHEATH1_7","THUFUVER"
"414","THUFUVER:SALIXHEATH:SALIXHEATH1_8","THUFUVER"
"415","THUFUVER:SALIXHEATH:SALIXHEATH3_6","THUFUVER"
"416","THUFUVER:SALIXHEATH:SALIXHEATH3_10","THUFUVER"
"417","THUFUVER:SALIXHEATH:SALIXHEATH1_18","THUFUVER"
"418","THUFUVER:SALIXHEATH:SALIXHEATH3_18","THUFUVER"
"419","THUFUVER:SALIXHEATH:SALIXHEATH3_19","THUFUVER"
"420","THUFUVER:SALIXHEATH:SALIXHEATH1_11","THUFUVER"
"421","THUFUVER:SALIXHEATH:SALIXHEATH3_3","THUFUVER"
"422","THUFUVER:SALIXHEATH:SALIXHEATH1_12","THUFUVER"
"423","THUFUVER:SALIXHEATH:SALIXHEATH1_13","THUFUVER"
"424","THUFUVER:SALIXHEATH:SALIXHEATH1_14","THUFUVER"
"425","THUFUVER:SALIXHEATH:SALIXHEATH1_15","THUFUVER"
"426","THUFUVER:SALIXHEATH:SALIXHEATH1_16","THUFUVER"
"427","THUFUVER:SALIXHEATH:SALIXHEATH1_17","THUFUVER"
"428","THUFUVER:SALIXHEATH:SALIXHEATH2_1","THUFUVER"
"429","THUFUVER:SALIXHEATH:SALIXHEATH2_10","THUFUVER"
"430","THUFUVER:SALIXHEATH:SALIXHEATH3_5","THUFUVER"
"431","THUFUVER:SALIXHEATH:SALIXHEATH3_4","THUFUVER"
"432","WOLFCREEK:WOLFCREEK:WOLFCREEK_CTL_5","WOLFCREEK"
"433","WOLFCREEK:WOLFCREEK:WOLFCREEK_CTL_9","WOLFCREEK"
"434","WOLFCREEK:WOLFCREEK:WOLFCREEK_CTL_20","WOLFCREEK"
"435","WOLFCREEK:WOLFCREEK:WOLFCREEK_CTL_2","WOLFCREEK"
"436","ABISKO:lower_forest:ALFc1","ABISKO"
"437","ABISKO:lower_forest:ALFc2","ABISKO"
"438","ABISKO:lower_forest:ALFc3","ABISKO"
"439","ABISKO:lower_forest:ALFc4","ABISKO"
"440","ABISKO:lower_forest:ALFc5","ABISKO"
"441","ABISKO:lower_tundra:ALTc1","ABISKO"
"442","ABISKO:lower_tundra:ALTc2","ABISKO"
"443","ABISKO:lower_tundra:ALTc3","ABISKO"
"444","ABISKO:lower_tundra:ALTc4","ABISKO"
"445","ABISKO:lower_tundra:ALTc5","ABISKO"
"446","ABISKO:upper_forest:AUFc1","ABISKO"
"447","ABISKO:upper_forest:AUFc3","ABISKO"
"448","ABISKO:upper_forest:AUFc5","ABISKO"
"449","ABISKO:upper_tundra:AUTc1","ABISKO"
"450","ABISKO:upper_tundra:AUTc2","ABISKO"
"451","ABISKO:upper_tundra:AUTc3","ABISKO"
"452","ABISKO:upper_tundra:AUTc4","ABISKO"
"453","ABISKO:upper_tundra:AUTc5","ABISKO"
"454","JOATKA:lower_forest:JLFc1","JOATKA"
"455","JOATKA:lower_forest:JLFc2","JOATKA"
"456","JOATKA:lower_forest:JLFc3","JOATKA"
"457","JOATKA:lower_forest:JLFc4","JOATKA"
"458","JOATKA:lower_forest:JLFc5","JOATKA"
"459","JOATKA:lower_tundra:JLTc3","JOATKA"
"460","JOATKA:lower_tundra:JLTc5","JOATKA"
"461","JOATKA:lower_tundra:JLTc1","JOATKA"
"462","JOATKA:lower_tundra:JLTc2","JOATKA"
"463","JOATKA:lower_tundra:JLTc4","JOATKA"
"464","JOATKA:upper_forest:JUFc1","JOATKA"
"465","JOATKA:upper_forest:JUFc3","JOATKA"
"466","JOATKA:upper_forest:JUFc4","JOATKA"
"467","JOATKA:upper_forest:JUFc5","JOATKA"
"468","JOATKA:upper_tundra:JUTc1","JOATKA"
"469","JOATKA:upper_tundra:JUTc2","JOATKA"
"470","JOATKA:upper_tundra:JUTc3","JOATKA"
"471","JOATKA:upper_tundra:JUTc4","JOATKA"
"472","JOATKA:upper_tundra:JUTc5","JOATKA"
"473","DISKO:DISTURBANCE:C1.3","DISKO"
"474","DISKO:DISTURBANCE:C4.3","DISKO"
"475","DISKO:DISTURBANCE:C5.3","DISKO"
"476","DISKO:DISTURBANCE:A1.6","DISKO"
"477","DISKO:DISTURBANCE:A2.2","DISKO"
"478","DISKO:DISTURBANCE:A3.3","DISKO"
"479","DISKO:DISTURBANCE:A4.3","DISKO"
"480","DISKO:DISTURBANCE:A5.1","DISKO"
"481","DISKO:DISTURBANCE:A6.1","DISKO"
"482","DISKO:DISTURBANCE:B1.2","DISKO"
"483","DISKO:DISTURBANCE:B2.2","DISKO"
"484","DISKO:DISTURBANCE:B3.4","DISKO"
"485","DISKO:DISTURBANCE:B4.5","DISKO"
"486","DISKO:DISTURBANCE:B5.2","DISKO"
"487","DISKO:DISTURBANCE:B6.5","DISKO"
"488","KILPISJARVI:KILPISJARVI:C1","KILPISJARVI"
"489","KILPISJARVI:KILPISJARVI:C2","KILPISJARVI"
"490","KILPISJARVI:KILPISJARVI:C3","KILPISJARVI"
"491","KILPISJARVI:KILPISJARVI:C4","KILPISJARVI"
"492","KILPISJARVI:KILPISJARVI:C5","KILPISJARVI"
"493","LATNJA:DRY_HEATH:C1","LATNJA"
"494","LATNJA:DRY_HEATH:C2","LATNJA"
"495","LATNJA:DRY_HEATH:C3","LATNJA"
"496","LATNJA:DRY_HEATH:C4","LATNJA"
"497","LATNJA:DRY_HEATH:C5","LATNJA"
"498","LATNJA:DRY_MEADOW:C1","LATNJA"
"499","LATNJA:DRY_MEADOW:C2","LATNJA"
"500","LATNJA:DRY_MEADOW:C3","LATNJA"
"501","LATNJA:DRY_MEADOW:C4","LATNJA"
"502","LATNJA:DRY_MEADOW:C5","LATNJA"
"503","LATNJA:WET_MEADOW:C1","LATNJA"
"504","LATNJA:WET_MEADOW:C2","LATNJA"
"505","LATNJA:WET_MEADOW:C3","LATNJA"
"506","LATNJA:WET_MEADOW:C4","LATNJA"
"507","LATNJA:WET_MEADOW:C5","LATNJA"
"508","LATNJA:TUSSOCK_TUNDRA:C1","LATNJA"
"509","LATNJA:TUSSOCK_TUNDRA:C2","LATNJA"
"510","LATNJA:TUSSOCK_TUNDRA:C3","LATNJA"
"511","LATNJA:TUSSOCK_TUNDRA:C4","LATNJA"
"512","LATNJA:TUSSOCK_TUNDRA:C5","LATNJA"
"513","ABISKO:ABISKOWET_FLUX:1_CTL","ABISKO"
"514","ABISKO:ABISKOWET_FLUX:2_CTL","ABISKO"
"515","ABISKO:ABISKOWET_FLUX:3_CTL","ABISKO"
"516","ABISKO:ABISKOWET_FLUX:4_CTL","ABISKO"
"517","ABISKO:ABISKOWET_FLUX:5_CTL","ABISKO"
"518","ABISKO:ABISKOWET_FLUX:6_CTL","ABISKO"
"519","ABISKO:ABISKODRY_PADDUS:CTL_1","ABISKO"
"520","ABISKO:ABISKODRY_PADDUS:CTL_2","ABISKO"
"521","ABISKO:ABISKODRY_PADDUS:CTL_3","ABISKO"
"522","ABISKO:ABISKODRY_PADDUS:CTL_4","ABISKO"
"523","ABISKO:ABISKODRY_PADDUS:CTL_5","ABISKO"
"524","ABISKO:ABISKODRY_PADDUS:CTL_6","ABISKO"
"525","SADVENT:MES_POINTFRAME:DCUA","SADVENT"
"526","SADVENT:MES_POINTFRAME:DDUA","SADVENT"
"527","SADVENT:MES_POINTFRAME:DEUA","SADVENT"
"528","SADVENT:MES_POINTFRAME:DFUA","SADVENT"
"529","LATNJA:POOR_HEATH:Clip 3 B","LATNJA"
"530","LATNJA:POOR_HEATH:Clip 3 C1","LATNJA"
"531","LATNJA:POOR_HEATH:Clip 3 C2","LATNJA"
"532","LATNJA:POOR_HEATH:Clip 3 C3","LATNJA"
"533","LATNJA:POOR_HEATH:Clip 4 B","LATNJA"
"534","LATNJA:POOR_HEATH:Clip 4 C1","LATNJA"
"535","LATNJA:POOR_HEATH:Clip 4 C2","LATNJA"
"536","LATNJA:POOR_HEATH:Clip 4 C3","LATNJA"
"537","LATNJA:RICH_MEADOW:Clip 1 B","LATNJA"
"538","LATNJA:RICH_MEADOW:Clip 1 C1","LATNJA"
"539","LATNJA:RICH_MEADOW:Clip 1 C2","LATNJA"
"540","LATNJA:RICH_MEADOW:Clip 1 C3","LATNJA"
"541","LATNJA:RICH_MEADOW:Clip 2 B","LATNJA"
"542","LATNJA:RICH_MEADOW:Clip 2 C1","LATNJA"
"543","LATNJA:RICH_MEADOW:Clip 2 C2","LATNJA"
"544","LATNJA:RICH_MEADOW:Clip 2 C3","LATNJA"
"545","WOLFCREEK:WOLFCREEK:WOLFCREEK_CTL_11","WOLFCREEK"
"546","TOOLIK:MOIST:17","TOOLIK"
"547","KANGER:DOPEY:B_GRAZED","KANGER"
"548","KANGER:SNEEZY:A_GRAZED","KANGER"
"549","KANGER:SNEEZY:G_GRAZED","KANGER"
"550","ZACKENBERG:ABRASION PLATEAU:A1","ZACKENBERG"
"551","ZACKENBERG:ABRASION PLATEAU:A2","ZACKENBERG"
"552","ZACKENBERG:ABRASION PLATEAU:A5","ZACKENBERG"
"553","ZACKENBERG:CASSIOPE TETRAGONA HEATH:C2","ZACKENBERG"
"554","ZACKENBERG:CASSIOPE TETRAGONA HEATH:C3","ZACKENBERG"
"555","ZACKENBERG:CASSIOPE TETRAGONA HEATH:C4","ZACKENBERG"
"556","ZACKENBERG:FEN:F1","ZACKENBERG"
"557","ZACKENBERG:FEN:F2","ZACKENBERG"
"558","ZACKENBERG:FEN:F3","ZACKENBERG"
"559","ZACKENBERG:FEN:F4","ZACKENBERG"
"560","ZACKENBERG:FEN:F5","ZACKENBERG"
"561","ZACKENBERG:GRASSLAND:G1","ZACKENBERG"
"562","ZACKENBERG:GRASSLAND:G2","ZACKENBERG"
"563","ZACKENBERG:GRASSLAND:G3","ZACKENBERG"
"564","ZACKENBERG:GRASSLAND:G4","ZACKENBERG"
"565","ZACKENBERG:GRASSLAND:G5","ZACKENBERG"
"566","ZACKENBERG:SALIX ARCTICA SNOWBED:S1","ZACKENBERG"
"567","ZACKENBERG:SALIX ARCTICA SNOWBED:S2","ZACKENBERG"
"568","ZACKENBERG:SALIX ARCTICA SNOWBED:S3","ZACKENBERG"
"569","ZACKENBERG:SALIX ARCTICA SNOWBED:S4","ZACKENBERG"
"570","ZACKENBERG:SALIX ARCTICA SNOWBED:S5","ZACKENBERG"
"571","ZACKENBERG:VACCINIUM ULIGONOSUM HEATH:V4","ZACKENBERG"
"572","ZACKENBERG:VACCINIUM ULIGONOSUM HEATH:V5","ZACKENBERG"
"573","TOOLIK:DRY:3","TOOLIK"
"574","TOOLIK:DRY:5","TOOLIK"
"575","TOOLIK:DRY:6","TOOLIK"
"576","TOOLIK:IMNAVAIT:1","TOOLIK"
"577","TOOLIK:IMNAVAIT:2","TOOLIK"
"578","TOOLIK:IMNAVAIT:3","TOOLIK"
"579","TOOLIK:IMNAVAIT:4","TOOLIK"
"580","TOOLIK:IMNAVAIT:5","TOOLIK"
"581","TOOLIK:IMNAVAIT:6","TOOLIK"
"582","TOOLIK:IMNAVAIT:7","TOOLIK"
"583","TOOLIK:IMNAVAIT:8","TOOLIK"
"584","TOOLIK:IMNAVAIT:9","TOOLIK"
"585","TOOLIK:IMNAVAIT:10","TOOLIK"
"586","TOOLIK:IMNAVAIT:11","TOOLIK"
"587","TOOLIK:IMNAVAIT:12","TOOLIK"
"588","TOOLIK:IMNAVAIT:13","TOOLIK"
"589","TOOLIK:IMNAVAIT:14","TOOLIK"
"590","TOOLIK:IMNAVAIT:15","TOOLIK"
"591","TOOLIK:IMNAVAIT:16","TOOLIK"
"592","TOOLIK:IMNAVAIT:19","TOOLIK"
"593","TOOLIK:IMNAVAIT:20","TOOLIK"
"594","TOOLIK:IMNAVAIT:21","TOOLIK"
"595","TOOLIK:IMNAVAIT:22","TOOLIK"
"596","TOOLIK:IMNAVAIT:23","TOOLIK"
"597","TOOLIK:IMNAVAIT:24","TOOLIK"
"598","TOOLIK:IMNAVAIT:25","TOOLIK"
"599","TOOLIK:IMNAVAIT:26","TOOLIK"
"600","TOOLIK:IMNAVAIT:27","TOOLIK"
"601","TOOLIK:IMNAVAIT:28","TOOLIK"
"602","TOOLIK:IMNAVAIT:29","TOOLIK"
"603","TOOLIK:IMNAVAIT:30","TOOLIK"
"604","TOOLIK:IMNAVAIT:31","TOOLIK"
"605","TOOLIK:IMNAVAIT:33","TOOLIK"
"606","TOOLIK:IMNAVAIT:34","TOOLIK"
"607","TOOLIK:IMNAVAIT:35","TOOLIK"
"608","TOOLIK:IMNAVAIT:36","TOOLIK"
"609","TOOLIK:IMNAVAIT:37","TOOLIK"
"610","TOOLIK:IMNAVAIT:38","TOOLIK"
"611","TOOLIK:IMNAVAIT:39","TOOLIK"
"612","TOOLIK:IMNAVAIT:40","TOOLIK"
"613","TOOLIK:IMNAVAIT:41","TOOLIK"
"614","TOOLIK:IMNAVAIT:42","TOOLIK"
"615","TOOLIK:IMNAVAIT:43","TOOLIK"
"616","TOOLIK:IMNAVAIT:44","TOOLIK"
"617","TOOLIK:IMNAVAIT:45","TOOLIK"
"618","TOOLIK:IMNAVAIT:46","TOOLIK"
"619","TOOLIK:IMNAVAIT:47","TOOLIK"
"620","TOOLIK:IMNAVAIT:48","TOOLIK"
"621","TOOLIK:IMNAVAIT:51","TOOLIK"
"622","TOOLIK:IMNAVAIT:52","TOOLIK"
"623","TOOLIK:IMNAVAIT:53","TOOLIK"
"624","TOOLIK:IMNAVAIT:54","TOOLIK"
"625","TOOLIK:IMNAVAIT:55","TOOLIK"
"626","TOOLIK:IMNAVAIT:56","TOOLIK"
"627","TOOLIK:IMNAVAIT:57","TOOLIK"
"628","TOOLIK:IMNAVAIT:58","TOOLIK"
"629","TOOLIK:IMNAVAIT:59","TOOLIK"
"630","TOOLIK:IMNAVAIT:60","TOOLIK"
"631","TOOLIK:IMNAVAIT:61","TOOLIK"
"632","TOOLIK:IMNAVAIT:62","TOOLIK"
"633","TOOLIK:IMNAVAIT:63","TOOLIK"
"634","TOOLIK:IMNAVAIT:65","TOOLIK"
"635","TOOLIK:IMNAVAIT:66","TOOLIK"
"636","TOOLIK:IMNAVAIT:67","TOOLIK"
"637","TOOLIK:IMNAVAIT:68","TOOLIK"
"638","TOOLIK:IMNAVAIT:69","TOOLIK"
"639","TOOLIK:IMNAVAIT:70","TOOLIK"
"640","TOOLIK:IMNAVAIT:71","TOOLIK"
"641","TOOLIK:MOIST:13","TOOLIK"
"642","TOOLIK:MOIST:18","TOOLIK"
"643","TOOLIK:TUSSOCKGRID:1","TOOLIK"
"644","TOOLIK:TUSSOCKGRID:2","TOOLIK"
"645","TOOLIK:TUSSOCKGRID:3","TOOLIK"
"646","TOOLIK:TUSSOCKGRID:4","TOOLIK"
"647","TOOLIK:TUSSOCKGRID:5","TOOLIK"
"648","TOOLIK:TUSSOCKGRID:6","TOOLIK"
"649","TOOLIK:TUSSOCKGRID:7","TOOLIK"
"650","TOOLIK:TUSSOCKGRID:8","TOOLIK"
"651","TOOLIK:TUSSOCKGRID:9","TOOLIK"
"652","TOOLIK:TUSSOCKGRID:10","TOOLIK"
"653","TOOLIK:TUSSOCKGRID:11","TOOLIK"
"654","TOOLIK:TUSSOCKGRID:12","TOOLIK"
"655","TOOLIK:TUSSOCKGRID:13","TOOLIK"
"656","TOOLIK:TUSSOCKGRID:14","TOOLIK"
"657","TOOLIK:TUSSOCKGRID:15","TOOLIK"
"658","TOOLIK:TUSSOCKGRID:16","TOOLIK"
"659","TOOLIK:TUSSOCKGRID:17","TOOLIK"
"660","TOOLIK:TUSSOCKGRID:18","TOOLIK"
"661","TOOLIK:TUSSOCKGRID:19","TOOLIK"
"662","TOOLIK:TUSSOCKGRID:20","TOOLIK"
"663","TOOLIK:TUSSOCKGRID:21","TOOLIK"
"664","TOOLIK:TUSSOCKGRID:22","TOOLIK"
"665","TOOLIK:TUSSOCKGRID:23","TOOLIK"
"666","TOOLIK:TUSSOCKGRID:24","TOOLIK"
"667","TOOLIK:TUSSOCKGRID:25","TOOLIK"
"668","TOOLIK:TUSSOCKGRID:26","TOOLIK"
"669","TOOLIK:TUSSOCKGRID:27","TOOLIK"
"670","TOOLIK:TUSSOCKGRID:28","TOOLIK"
"671","TOOLIK:TUSSOCKGRID:29","TOOLIK"
"672","TOOLIK:TUSSOCKGRID:30","TOOLIK"
"673","TOOLIK:TUSSOCKGRID:31","TOOLIK"
"674","TOOLIK:TUSSOCKGRID:32","TOOLIK"
"675","TOOLIK:TUSSOCKGRID:33","TOOLIK"
"676","TOOLIK:TUSSOCKGRID:34","TOOLIK"
"677","TOOLIK:TUSSOCKGRID:35","TOOLIK"
"678","TOOLIK:TUSSOCKGRID:36","TOOLIK"
"679","TOOLIK:TUSSOCKGRID:37","TOOLIK"
"680","TOOLIK:TUSSOCKGRID:38","TOOLIK"
"681","TOOLIK:TUSSOCKGRID:39","TOOLIK"
"682","TOOLIK:TUSSOCKGRID:40","TOOLIK"
"683","TOOLIK:TUSSOCKGRID:41","TOOLIK"
"684","TOOLIK:TUSSOCKGRID:42","TOOLIK"
"685","TOOLIK:TUSSOCKGRID:43","TOOLIK"
"686","TOOLIK:TUSSOCKGRID:44","TOOLIK"
"687","TOOLIK:TUSSOCKGRID:45","TOOLIK"
"688","TOOLIK:TUSSOCKGRID:46","TOOLIK"
"689","TOOLIK:TUSSOCKGRID:47","TOOLIK"
"690","TOOLIK:TUSSOCKGRID:48","TOOLIK"
"691","TOOLIK:TUSSOCKGRID:49","TOOLIK"
"692","TOOLIK:TUSSOCKGRID:50","TOOLIK"
"693","TOOLIK:TUSSOCKGRID:52","TOOLIK"
"694","TOOLIK:TUSSOCKGRID:53","TOOLIK"
"695","TOOLIK:TUSSOCKGRID:55","TOOLIK"
"696","TOOLIK:TUSSOCKGRID:56","TOOLIK"
"697","TOOLIK:TUSSOCKGRID:57","TOOLIK"
"698","TOOLIK:TUSSOCKGRID:58","TOOLIK"
"699","TOOLIK:TUSSOCKGRID:59","TOOLIK"
"700","TOOLIK:TUSSOCKGRID:60","TOOLIK"
"701","TOOLIK:TUSSOCKGRID:61","TOOLIK"
"702","TOOLIK:TUSSOCKGRID:62","TOOLIK"
"703","TOOLIK:TUSSOCKGRID:63","TOOLIK"
"704","TOOLIK:TUSSOCKGRID:64","TOOLIK"
"705","TOOLIK:TUSSOCKGRID:65","TOOLIK"
"706","TOOLIK:TUSSOCKGRID:66","TOOLIK"
"707","TOOLIK:TUSSOCKGRID:67","TOOLIK"
"708","TOOLIK:TUSSOCKGRID:68","TOOLIK"
"709","TOOLIK:TUSSOCKGRID:69","TOOLIK"
"710","TOOLIK:TUSSOCKGRID:70","TOOLIK"
"711","TOOLIK:TUSSOCKGRID:72","TOOLIK"
"712","TOOLIK:TUSSOCKGRID:74","TOOLIK"
"713","TOOLIK:TUSSOCKGRID:75","TOOLIK"
"714","TOOLIK:TUSSOCKGRID:76","TOOLIK"
"715","TOOLIK:TUSSOCKGRID:77","TOOLIK"
"716","TOOLIK:TUSSOCKGRID:78","TOOLIK"
"717","TOOLIK:TUSSOCKGRID:79","TOOLIK"
"718","TOOLIK:TUSSOCKGRID:80","TOOLIK"
"719","TOOLIK:TUSSOCKGRID:81","TOOLIK"
"720","TOOLIK:TUSSOCKGRID:83","TOOLIK"
"721","TOOLIK:TUSSOCKGRID:84","TOOLIK"
"722","TOOLIK:TUSSOCKGRID:85","TOOLIK"
"723","TOOLIK:TUSSOCKGRID:51","TOOLIK"
"724","TOOLIK:TUSSOCKGRID:54","TOOLIK"
"725","TOOLIK:TUSSOCKGRID:82","TOOLIK"
"726","ANWR:ATIGUN-A:1","ANWR"
"727","ANWR:ATIGUN-A:2","ANWR"
"728","ANWR:ATIGUN-A:3","ANWR"
"729","ANWR:ATIGUN-A:4","ANWR"
"730","ANWR:ATIGUN-A:6","ANWR"
"731","ANWR:ATIGUN-A:7","ANWR"
"732","ANWR:ATIGUN-A:8","ANWR"
"733","ANWR:ATIGUN-A:9","ANWR"
"734","ANWR:ATIGUN-A:10","ANWR"
"735","ANWR:ATIGUN-A:5","ANWR"
"736","ANWR:ATIGUN-B:1","ANWR"
"737","ANWR:ATIGUN-B:2","ANWR"
"738","ANWR:ATIGUN-B:3","ANWR"
"739","ANWR:ATIGUN-B:4","ANWR"
"740","ANWR:ATIGUN-B:5","ANWR"
"741","ANWR:ATIGUN-B:6","ANWR"
"742","ANWR:ATIGUN-B:7","ANWR"
"743","ANWR:ATIGUN-B:8","ANWR"
"744","ANWR:ATIGUN-B:9","ANWR"
"745","ANWR:ATIGUN-B:10","ANWR"
"746","ANWR:ATIGUN-C:1","ANWR"
"747","ANWR:ATIGUN-C:2","ANWR"
"748","ANWR:ATIGUN-C:3","ANWR"
"749","ANWR:ATIGUN-C:4","ANWR"
"750","ANWR:ATIGUN-C:5","ANWR"
"751","ANWR:ATIGUN-C:6","ANWR"
"752","ANWR:ATIGUN-C:7","ANWR"
"753","ANWR:ATIGUN-C:8","ANWR"
"754","ANWR:ATIGUN-C:9","ANWR"
"755","ANWR:ATIGUN-C:10","ANWR"
"756","ANWR:JAGO-A:1","ANWR"
"757","ANWR:JAGO-A:2","ANWR"
"758","ANWR:JAGO-A:3","ANWR"
"759","ANWR:JAGO-A:4","ANWR"
"760","ANWR:JAGO-A:5","ANWR"
"761","ANWR:JAGO-A:6","ANWR"
"762","ANWR:JAGO-A:7","ANWR"
"763","ANWR:JAGO-A:8","ANWR"
"764","ANWR:JAGO-A:9","ANWR"
"765","ANWR:JAGO-A:10","ANWR"
"766","ANWR:JAGO-B:1","ANWR"
"767","ANWR:JAGO-B:2","ANWR"
"768","ANWR:JAGO-B:3","ANWR"
"769","ANWR:JAGO-B:4","ANWR"
"770","ANWR:JAGO-B:5","ANWR"
"771","ANWR:JAGO-B:6","ANWR"
"772","ANWR:JAGO-B:7","ANWR"
"773","ANWR:JAGO-B:8","ANWR"
"774","ANWR:JAGO-B:9","ANWR"
"775","ANWR:JAGO-B:10","ANWR"
"776","BROOKS:SHEEN-B:2","BROOKS"
"777","BROOKS:SHEEN-B:4","BROOKS"
"778","BROOKS:SHEEN-B:5","BROOKS"
"779","BROOKS:SHEEN-B:6","BROOKS"
"780","BROOKS:SHEEN-B:7","BROOKS"
"781","BROOKS:SHEEN-B:8","BROOKS"
"782","BROOKS:SHEEN-B:9","BROOKS"
"783","BROOKS:SHEEN-B:10","BROOKS"
"784","ENDALEN:BIS-H:BIS-H1","ENDALEN"
"785","ENDALEN:BIS-H:BIS-H2","ENDALEN"
"786","ENDALEN:BIS-H:BIS-H3","ENDALEN"
"787","ENDALEN:BIS-H:BIS-H5","ENDALEN"
"788","ENDALEN:BIS-H:BIS-H4","ENDALEN"
"789","ENDALEN:CAS-H:CAS-H1","ENDALEN"
"790","ENDALEN:CAS-H:CAS-H2","ENDALEN"
"791","ENDALEN:CAS-H:CAS-H3","ENDALEN"
"792","ENDALEN:CAS-H:CAS-H4","ENDALEN"
"793","ENDALEN:CAS-H:CAS-H5","ENDALEN"
"794","ENDALEN:DRY-H:DRY-H1","ENDALEN"
"795","ENDALEN:DRY-H:DRY-H2","ENDALEN"
"796","ENDALEN:DRY-H:DRY-H3","ENDALEN"
"797","ENDALEN:DRY-H:DRY-H4","ENDALEN"
"798","ENDALEN:DRY-H:DRY-H5","ENDALEN"
"799","KYTALYK:LAKEBED:1_REMOVAL_CONTROL","KYTALYK"
"800","KYTALYK:LAKEBED:3_REMOVAL_CONTROL","KYTALYK"
"801","KYTALYK:LAKEBED:5_REMOVAL_CONTROL","KYTALYK"
"802","KYTALYK:LAKEBED:7_REMOVAL_CONTROL","KYTALYK"
"803","KYTALYK:LAKEBED:9_REMOVAL_CONTROL","KYTALYK"
"804","TORNGATS:NAKVAKDRY:11b","TORNGATS"
"805","TORNGATS:NAKVAKDRY:12b","TORNGATS"
"806","TORNGATS:NAKVAKDRY:14b","TORNGATS"
"807","TORNGATS:NAKVAKDRY:15b","TORNGATS"
"808","TORNGATS:NAKVAKDRY:1b","TORNGATS"
"809","TORNGATS:NAKVAKDRY:2a","TORNGATS"
"810","TORNGATS:NAKVAKDRY:3b","TORNGATS"
"811","TORNGATS:NAKVAKDRY:8b","TORNGATS"
"812","TORNGATS:NAKVAKWET:16b","TORNGATS"
"813","TORNGATS:NAKVAKWET:17b","TORNGATS"
"814","TORNGATS:NAKVAKWET:4b","TORNGATS"
"815","TORNGATS:NAKVAKWET:7b","TORNGATS"
"816","TORNGATS:NAKVAKDRY:6b","TORNGATS"
"817","TORNGATS:NAKVAKDRY:13b","TORNGATS"
"818","ALEXFIORD:MEADOW:Mead.c.1","ALEXFIORD"
"819","ALEXFIORD:WILLOW:Will.c.1","ALEXFIORD"
"820","ALEXFIORD:MEADOW:Mead.c.2","ALEXFIORD"
"821","ALEXFIORD:WILLOW:Will.c.2","ALEXFIORD"
"822","ALEXFIORD:MEADOW:Mead.c.3","ALEXFIORD"
"823","ALEXFIORD:WILLOW:Will.c.3","ALEXFIORD"
"824","ALEXFIORD:WILLOW:Will.c.4","ALEXFIORD"
"825","ALEXFIORD:FERT:Fert.c.c.5","ALEXFIORD"
"826","ALEXFIORD:WILLOW:Will.c.5","ALEXFIORD"
"827","ALEXFIORD:MEADOW:Mead.c.6","ALEXFIORD"
"828","ALEXFIORD:WILLOW:Will.c.6","ALEXFIORD"
"829","ALEXFIORD:MEADOW:Mead.c.7","ALEXFIORD"
"830","ALEXFIORD:WILLOW:Will.c.7","ALEXFIORD"
"831","ALEXFIORD:WILLOW:Will.c.8","ALEXFIORD"
"832","ALEXFIORD:WILLOW:Will.c.9","ALEXFIORD"
"833","ALEXFIORD:WILLOW:Will.c.10","ALEXFIORD"
"834","ALEXFIORD:FERT:Fert.c.c.13","ALEXFIORD"
"835","ALEXFIORD:FERT:Fert.c.c.21","ALEXFIORD"
"836","ALEXFIORD:FERT:Fert.c.c.29","ALEXFIORD"
"837","ALEXFIORD:DOMEGRANITE:Dom.c.2g","ALEXFIORD"
"838","ALEXFIORD:DOMEDOLOMITE:Dom.c.2d","ALEXFIORD"
"839","ALEXFIORD:DOMEDOLOMITE:Dom.c.3d","ALEXFIORD"
"840","ALEXFIORD:DOMEGRANITE:Dom.c.1g","ALEXFIORD"
"841","ALEXFIORD:DOMEGRANITE:Dom.c.3g","ALEXFIORD"
"842","ALEXFIORD:DOMEGRANITE:Dom.c.4g","ALEXFIORD"
"843","ALEXFIORD:DOMEDOLOMITE:Dom.c.1d","ALEXFIORD"
"844","ALEXFIORD:DOMEDOLOMITE:Dom.c.4d","ALEXFIORD"
"845","ALEXFIORD:DOMEDOLOMITE:Dom.c.5d","ALEXFIORD"
"846","ALEXFIORD:DOMEGRANITE:Dom.c.5g","ALEXFIORD"
"847","ALEXFIORD:FERT:Fert.c.c.37","ALEXFIORD"
"848","ALEXFIORD:DRYAS:Dry.c.1","ALEXFIORD"
"849","ALEXFIORD:DRYAS:Dry.c.2","ALEXFIORD"
"850","ALEXFIORD:DRYAS:Dry.c.3","ALEXFIORD"
"851","ALEXFIORD:MEADOW:Mead.c.4","ALEXFIORD"
"852","ALEXFIORD:MEADOW:Mead.c.5","ALEXFIORD"
"853","ALEXFIORD:MEADOW:Mead.c.8","ALEXFIORD"
"854","ALEXFIORD:MEADOW:Mead.c.9","ALEXFIORD"
"855","ALEXFIORD:MEADOW:Mead.c.10","ALEXFIORD"
"856","ALEXFIORD:CASSIOPE:Cas.c.c.10new","ALEXFIORD"
"857","ALEXFIORD:CASSIOPE:Cas.c.c.11new","ALEXFIORD"
"858","ALEXFIORD:CASSIOPE:Cas.c.c.12new","ALEXFIORD"
"859","ALEXFIORD:CASSIOPE:Cas.c.c.13new","ALEXFIORD"
"860","ALEXFIORD:CASSIOPE:Cas.c.c.14new","ALEXFIORD"
"861","ALEXFIORD:CASSIOPE:Cas.c.c.15new","ALEXFIORD"
"862","ALEXFIORD:CASSIOPE:Cas.c.c.16new","ALEXFIORD"
"863","ALEXFIORD:CASSIOPE:Cas.c.c.17new","ALEXFIORD"
"864","ALEXFIORD:CASSIOPE:Cas.c.c.18new","ALEXFIORD"
"865","ALEXFIORD:CASSIOPE:Cas.c.c.1new","ALEXFIORD"
"866","ALEXFIORD:CASSIOPE:Cas.c.c.2new","ALEXFIORD"
"867","ALEXFIORD:CASSIOPE:Cas.c.c.3new","ALEXFIORD"
"868","ALEXFIORD:CASSIOPE:Cas.c.c.4new","ALEXFIORD"
"869","ALEXFIORD:CASSIOPE:Cas.c.c.5new","ALEXFIORD"
"870","ALEXFIORD:CASSIOPE:Cas.c.c.6new","ALEXFIORD"
"871","ALEXFIORD:CASSIOPE:Cas.c.c.7new","ALEXFIORD"
"872","ALEXFIORD:CASSIOPE:Cas.c.c.8new","ALEXFIORD"
"873","ALEXFIORD:CASSIOPE:Cas.c.c.9new","ALEXFIORD"
"874","ALEXFIORD:CASSIOPE:Cas.c.c.2","ALEXFIORD"
"875","ALEXFIORD:CASSIOPE:Cas.c.c.4","ALEXFIORD"
"876","ALEXFIORD:CASSIOPE:Cas.c.c.9","ALEXFIORD"
"877","ALEXFIORD:CASSIOPE:Cas.c.c.12","ALEXFIORD"
"878","ALEXFIORD:CASSIOPE:Cas.c.c.13","ALEXFIORD"
"879","ALEXFIORD:CASSIOPE:Cas.c.c.16","ALEXFIORD"
"880","ALEXFIORD:DRYAS:Dry.c.4","ALEXFIORD"
"881","ALEXFIORD:DRYAS:Dry.c.5","ALEXFIORD"
"882","ALEXFIORD:DRYAS:Dry.c.6","ALEXFIORD"
"883","ALEXFIORD:DRYAS:Dry.c.7","ALEXFIORD"
"884","ALEXFIORD:DRYAS:Dry.c.8","ALEXFIORD"
"885","ALEXFIORD:DRYAS:Dry.c.9","ALEXFIORD"
"886","ALEXFIORD:DRYAS:Dry.c.10","ALEXFIORD"
"887","ENDALEN:DRY-L:DRY-L1","ENDALEN"
"888","ENDALEN:DRY-L:DRY-L2","ENDALEN"
"889","ENDALEN:DRY-L:DRY-L5","ENDALEN"
"890","ENDALEN:DRY-L:DRY-L7","ENDALEN"
"891","ENDALEN:DRY-L:DRY-L8","ENDALEN"
"892","ENDALEN:CAS-L:CAS-L1","ENDALEN"
"893","ENDALEN:CAS-L:CAS-L3","ENDALEN"
"894","ENDALEN:CAS-L:CAS-L7","ENDALEN"
"895","ENDALEN:CAS-L:CAS-L9","ENDALEN"
"896","ENDALEN:CAS-L:CAS-L10","ENDALEN"
"897","ENDALEN:BIS-L:BIS-L2","ENDALEN"
"898","ENDALEN:BIS-L:BIS-L3","ENDALEN"
"899","ENDALEN:BIS-L:BIS-L6","ENDALEN"
"900","ENDALEN:BIS-L:BIS-L8","ENDALEN"
"901","ENDALEN:BIS-L:BIS-L10","ENDALEN"
"902","AUDKULUHEIDI:BETULAHEATH:1","AUDKULUHEIDI"
"903","AUDKULUHEIDI:BETULAHEATH:2","AUDKULUHEIDI"
"904","AUDKULUHEIDI:BETULAHEATH:3","AUDKULUHEIDI"
"905","AUDKULUHEIDI:BETULAHEATH:4","AUDKULUHEIDI"
"906","AUDKULUHEIDI:BETULAHEATH:5","AUDKULUHEIDI"
"907","AUDKULUHEIDI:BETULAHEATH:6","AUDKULUHEIDI"
"908","AUDKULUHEIDI:BETULAHEATH:7","AUDKULUHEIDI"
"909","AUDKULUHEIDI:BETULAHEATH:8","AUDKULUHEIDI"
"910","AUDKULUHEIDI:BETULAHEATH:9","AUDKULUHEIDI"
"911","AUDKULUHEIDI:BETULAHEATH:10","AUDKULUHEIDI"
"912","THINGVELLIR:MOSS HEATH:1","THINGVELLIR"
"913","THINGVELLIR:MOSS HEATH:3","THINGVELLIR"
"914","THINGVELLIR:MOSS HEATH:4","THINGVELLIR"
"915","THINGVELLIR:MOSS HEATH:8","THINGVELLIR"
"916","THINGVELLIR:MOSS HEATH:9","THINGVELLIR"
"917","THINGVELLIR:MOSS HEATH:10","THINGVELLIR"
"918","THINGVELLIR:MOSS HEATH:2","THINGVELLIR"
"919","THINGVELLIR:MOSS HEATH:5","THINGVELLIR"
"920","THINGVELLIR:MOSS HEATH:6","THINGVELLIR"
"921","THINGVELLIR:MOSS HEATH:7","THINGVELLIR"
"922","QHI:HE:1","QHI"
"923","QHI:HE:2","QHI"
"924","QHI:HE:5","QHI"
"925","QHI:HE:3","QHI"
"926","QHI:HE:6","QHI"
"927","QHI:KO:1","QHI"
"928","QHI:KO:2","QHI"
"929","QHI:KO:3","QHI"
"930","QHI:KO:4","QHI"
"931","QHI:KO:6","QHI"
"932","QHI:KO:5","QHI"
"933","ATQASUK:AD:ADC01","ATQASUK"
"934","ATQASUK:AD:ADC02","ATQASUK"
"935","ATQASUK:AD:ADC03","ATQASUK"
"936","ATQASUK:AD:ADC04","ATQASUK"
"937","ATQASUK:AD:ADC05","ATQASUK"
"938","ATQASUK:AD:ADC06","ATQASUK"
"939","ATQASUK:AD:ADC07","ATQASUK"
"940","ATQASUK:AD:ADC08","ATQASUK"
"941","ATQASUK:AD:ADC09","ATQASUK"
"942","ATQASUK:AD:ADC10","ATQASUK"
"943","ATQASUK:AD:ADC11","ATQASUK"
"944","ATQASUK:AD:ADC12","ATQASUK"
"945","ATQASUK:AD:ADC13","ATQASUK"
"946","ATQASUK:AD:ADC14","ATQASUK"
"947","ATQASUK:AD:ADC15","ATQASUK"
"948","ATQASUK:AD:ADC16","ATQASUK"
"949","ATQASUK:AD:ADC17","ATQASUK"
"950","ATQASUK:AD:ADC18","ATQASUK"
"951","ATQASUK:AD:ADC19","ATQASUK"
"952","ATQASUK:AD:ADC20","ATQASUK"
"953","ATQASUK:AD:ADC21","ATQASUK"
"954","ATQASUK:AD:ADC22","ATQASUK"
"955","ATQASUK:AD:ADC23","ATQASUK"
"956","ATQASUK:AD:ADC24","ATQASUK"
"957","ATQASUK:AW:AWC04","ATQASUK"
"958","ATQASUK:AW:AWC05","ATQASUK"
"959","ATQASUK:AW:AWC06","ATQASUK"
"960","ATQASUK:AW:AWC09","ATQASUK"
"961","ATQASUK:AW:AWC10","ATQASUK"
"962","ATQASUK:AW:AWC11","ATQASUK"
"963","ATQASUK:AW:AWC12","ATQASUK"
"964","ATQASUK:AW:AWC13","ATQASUK"
"965","ATQASUK:AW:AWC15","ATQASUK"
"966","ATQASUK:AW:AWC16","ATQASUK"
"967","ATQASUK:AW:AWC17","ATQASUK"
"968","ATQASUK:AW:AWC18","ATQASUK"
"969","ATQASUK:AW:AWC22","ATQASUK"
"970","ATQASUK:AW:AWC23","ATQASUK"
"971","ATQASUK:AW:AWC14","ATQASUK"
"972","ATQASUK:AW:AWC20","ATQASUK"
"973","ATQASUK:AW:AWC24","ATQASUK"
"974","BARROW:BD:BDC01","BARROW"
"975","BARROW:BD:BDC02","BARROW"
"976","BARROW:BD:BDC03","BARROW"
"977","BARROW:BD:BDC04","BARROW"
"978","BARROW:BD:BDC05","BARROW"
"979","BARROW:BD:BDC06","BARROW"
"980","BARROW:BD:BDC07","BARROW"
"981","BARROW:BD:BDC08","BARROW"
"982","BARROW:BD:BDC09","BARROW"
"983","BARROW:BD:BDC10","BARROW"
"984","BARROW:BD:BDC11","BARROW"
"985","BARROW:BD:BDC12","BARROW"
"986","BARROW:BD:BDC13","BARROW"
"987","BARROW:BD:BDC14","BARROW"
"988","BARROW:BD:BDC15","BARROW"
"989","BARROW:BD:BDC16","BARROW"
"990","BARROW:BD:BDC17","BARROW"
"991","BARROW:BD:BDC18","BARROW"
"992","BARROW:BD:BDC19","BARROW"
"993","BARROW:BD:BDC20","BARROW"
"994","BARROW:BD:BDC21","BARROW"
"995","BARROW:BD:BDC22","BARROW"
"996","BARROW:BD:BDC23","BARROW"
"997","BARROW:BD:BDC24","BARROW"
"998","BARROW:BW:BWC04","BARROW"
"999","BARROW:BW:BWC05","BARROW"
"1000","BARROW:BW:BWC06","BARROW"
"1001","BARROW:BW:BWC07","BARROW"
"1002","BARROW:BW:BWC08","BARROW"
"1003","BARROW:BW:BWC10","BARROW"
"1004","BARROW:BW:BWC12","BARROW"
"1005","BARROW:BW:BWC13","BARROW"
"1006","BARROW:BW:BWC22","BARROW"
"1007","BARROW:BW:BWC23","BARROW"
"1008","BARROW:BW:BWC01","BARROW"
"1009","BARROW:BW:BWC02","BARROW"
"1010","BARROW:BW:BWC03","BARROW"
"1011","BARROW:BW:BWC09","BARROW"
"1012","BARROW:BW:BWC11","BARROW"
"1013","BARROW:BW:BWC14","BARROW"
"1014","BARROW:BW:BWC15","BARROW"
"1015","BARROW:BW:BWC16","BARROW"
"1016","BARROW:BW:BWC17","BARROW"
"1017","BARROW:BW:BWC18","BARROW"
"1018","BARROW:BW:BWC20","BARROW"
"1019","BARROW:BW:BWC21","BARROW"
"1020","BARROW:BW:BWC24","BARROW"
"1021","ATQASUK:AG:AGCA04","ATQASUK"
"1022","ATQASUK:AG:AGCA05","ATQASUK"
"1023","ATQASUK:AG:AGCA06","ATQASUK"
"1024","ATQASUK:AG:AGCA02","ATQASUK"
"1025","ATQASUK:AG:AGCA03","ATQASUK"
"1026","ATQASUK:AG:AGCA07","ATQASUK"
"1027","ATQASUK:AG:AGCA09","ATQASUK"
"1028","ATQASUK:AG:AGCA10","ATQASUK"
"1029","ATQASUK:AG:AGCB02","ATQASUK"
"1030","ATQASUK:AG:AGCB03","ATQASUK"
"1031","ATQASUK:AG:AGCB04","ATQASUK"
"1032","ATQASUK:AG:AGCB07","ATQASUK"
"1033","ATQASUK:AG:AGCB08","ATQASUK"
"1034","ATQASUK:AG:AGCB09","ATQASUK"
"1035","ATQASUK:AG:AGCB10","ATQASUK"
"1036","ATQASUK:AG:AGCB11","ATQASUK"
"1037","ATQASUK:AG:AGCC05","ATQASUK"
"1038","ATQASUK:AG:AGCC06","ATQASUK"
"1039","ATQASUK:AG:AGCC08","ATQASUK"
"1040","ATQASUK:AG:AGCC09","ATQASUK"
"1041","ATQASUK:AG:AGCC10","ATQASUK"
"1042","ATQASUK:AG:AGCC11","ATQASUK"
"1043","ATQASUK:AG:AGCD02","ATQASUK"
"1044","ATQASUK:AG:AGCD03","ATQASUK"
"1045","ATQASUK:AG:AGCD04","ATQASUK"
"1046","ATQASUK:AG:AGCD05","ATQASUK"
"1047","ATQASUK:AG:AGCD06","ATQASUK"
"1048","ATQASUK:AG:AGCD07","ATQASUK"
"1049","ATQASUK:AG:AGCD08","ATQASUK"
"1050","ATQASUK:AG:AGCD10","ATQASUK"
"1051","ATQASUK:AG:AGCD11","ATQASUK"
"1052","ATQASUK:AG:AGCE02","ATQASUK"
"1053","ATQASUK:AG:AGCE03","ATQASUK"
"1054","ATQASUK:AG:AGCE04","ATQASUK"
"1055","ATQASUK:AG:AGCE06","ATQASUK"
"1056","ATQASUK:AG:AGCE07","ATQASUK"
"1057","ATQASUK:AG:AGCE08","ATQASUK"
"1058","ATQASUK:AG:AGCE09","ATQASUK"
"1059","ATQASUK:AG:AGCE11","ATQASUK"
"1060","ATQASUK:AG:AGCF02","ATQASUK"
"1061","ATQASUK:AG:AGCF05","ATQASUK"
"1062","ATQASUK:AG:AGCF06","ATQASUK"
"1063","ATQASUK:AG:AGCF07","ATQASUK"
"1064","ATQASUK:AG:AGCF08","ATQASUK"
"1065","ATQASUK:AG:AGCF10","ATQASUK"
"1066","ATQASUK:AG:AGCG02","ATQASUK"
"1067","ATQASUK:AG:AGCG03","ATQASUK"
"1068","ATQASUK:AG:AGCG05","ATQASUK"
"1069","ATQASUK:AG:AGCG06","ATQASUK"
"1070","ATQASUK:AG:AGCG07","ATQASUK"
"1071","ATQASUK:AG:AGCG10","ATQASUK"
"1072","ATQASUK:AG:AGCG11","ATQASUK"
"1073","ATQASUK:AG:AGCH02","ATQASUK"
"1074","ATQASUK:AG:AGCH03","ATQASUK"
"1075","ATQASUK:AG:AGCH04","ATQASUK"
"1076","ATQASUK:AG:AGCH10","ATQASUK"
"1077","ATQASUK:AG:AGCH11","ATQASUK"
"1078","ATQASUK:AG:AGCI03","ATQASUK"
"1079","ATQASUK:AG:AGCI04","ATQASUK"
"1080","ATQASUK:AG:AGCI06","ATQASUK"
"1081","ATQASUK:AG:AGCI11","ATQASUK"
"1082","ATQASUK:AG:AGCJ02","ATQASUK"
"1083","ATQASUK:AG:AGCJ03","ATQASUK"
"1084","ATQASUK:AG:AGCJ04","ATQASUK"
"1085","ATQASUK:AG:AGCJ05","ATQASUK"
"1086","ATQASUK:AG:AGCJ09","ATQASUK"
"1087","ATQASUK:AG:AGCJ10","ATQASUK"
"1088","ATQASUK:AG:AGCJ11","ATQASUK"
"1089","ATQASUK:AG:AGCH06","ATQASUK"
"1090","ATQASUK:AG:AGCI05","ATQASUK"
"1091","ATQASUK:AG:AGCB06","ATQASUK"
"1092","BARROW:BG:BGCF11","BARROW"
"1093","BARROW:BG:BGCH11","BARROW"
"1094","BARROW:BG:BGCJ11","BARROW"
"1095","BARROW:BG:BGCC10","BARROW"
"1096","BARROW:BG:BGCF10","BARROW"
"1097","BARROW:BG:BGCG10","BARROW"
"1098","BARROW:BG:BGCB09","BARROW"
"1099","BARROW:BG:BGCE09","BARROW"
"1100","BARROW:BG:BGCF09","BARROW"
"1101","BARROW:BG:BGCE08","BARROW"
"1102","BARROW:BG:BGCF08","BARROW"
"1103","BARROW:BG:BGCG08","BARROW"
"1104","BARROW:BG:BGCC07","BARROW"
"1105","BARROW:BG:BGCE07","BARROW"
"1106","BARROW:BG:BGCF07","BARROW"
"1107","BARROW:BG:BGCK07","BARROW"
"1108","BARROW:BG:BGCB06","BARROW"
"1109","BARROW:BG:BGCE06","BARROW"
"1110","BARROW:BG:BGCF06","BARROW"
"1111","BARROW:BG:BGCB05","BARROW"
"1112","BARROW:BG:BGCE05","BARROW"
"1113","BARROW:BG:BGCF05","BARROW"
"1114","BARROW:BG:BGCG05","BARROW"
"1115","BARROW:BG:BGCH05","BARROW"
"1116","BARROW:BG:BGCI05","BARROW"
"1117","BARROW:BG:BGCK05","BARROW"
"1118","BARROW:BG:BGCC04","BARROW"
"1119","BARROW:BG:BGCD04","BARROW"
"1120","BARROW:BG:BGCE04","BARROW"
"1121","BARROW:BG:BGCF04","BARROW"
"1122","BARROW:BG:BGCG04","BARROW"
"1123","BARROW:BG:BGCC03","BARROW"
"1124","BARROW:BG:BGCD03","BARROW"
"1125","BARROW:BG:BGCH03","BARROW"
"1126","BARROW:BG:BGCK03","BARROW"
"1127","BARROW:BG:BGCB02","BARROW"
"1128","BARROW:BG:BGCD02","BARROW"
"1129","BARROW:BG:BGCD05","BARROW"
"1130","BARROW:BG:BGCE02","BARROW"
"1131","BARROW:BG:BGCF02","BARROW"
"1132","BARROW:BG:BGCF03","BARROW"
"1133","BARROW:BG:BGCH04","BARROW"
"1134","BARROW:BG:BGCD06","BARROW"
"1135","BARROW:BG:BGCH06","BARROW"
"1136","BARROW:BG:BGCB11","BARROW"
"1137","BARROW:BG:BGCK09","BARROW"
